-- MySQL dump 10.19  Distrib 10.3.38-MariaDB, for Win64 (AMD64)
--
-- Host: stg-yswa-kr-practice-db-master.mariadb.database.azure.com    Database: s09p22c211
-- ------------------------------------------------------
-- Server version	5.6.47.0

/*!40101 SET @OLD_CHARACTER_SET_CLIENT=@@CHARACTER_SET_CLIENT */;
/*!40101 SET @OLD_CHARACTER_SET_RESULTS=@@CHARACTER_SET_RESULTS */;
/*!40101 SET @OLD_COLLATION_CONNECTION=@@COLLATION_CONNECTION */;
/*!40101 SET NAMES utf8mb4 */;
/*!40103 SET @OLD_TIME_ZONE=@@TIME_ZONE */;
/*!40103 SET TIME_ZONE='+00:00' */;
/*!40014 SET @OLD_UNIQUE_CHECKS=@@UNIQUE_CHECKS, UNIQUE_CHECKS=0 */;
/*!40014 SET @OLD_FOREIGN_KEY_CHECKS=@@FOREIGN_KEY_CHECKS, FOREIGN_KEY_CHECKS=0 */;
/*!40101 SET @OLD_SQL_MODE=@@SQL_MODE, SQL_MODE='NO_AUTO_VALUE_ON_ZERO' */;
/*!40111 SET @OLD_SQL_NOTES=@@SQL_NOTES, SQL_NOTES=0 */;

--
-- Table structure for table `challenge`
--

DROP TABLE IF EXISTS `challenge`;
/*!40101 SET @saved_cs_client     = @@character_set_client */;
/*!40101 SET character_set_client = utf8 */;
CREATE TABLE `challenge` (
  `id` bigint(20) NOT NULL AUTO_INCREMENT,
  `create_date` datetime(6) DEFAULT NULL,
  `modify_date` datetime(6) DEFAULT NULL,
  `end_date` datetime(6) DEFAULT NULL,
  `period` int(11) NOT NULL,
  `price` bigint(20) DEFAULT NULL,
  `start_date` datetime(6) DEFAULT NULL,
  `state` int(11) NOT NULL,
  `title` varchar(255) COLLATE utf8mb4_bin DEFAULT NULL,
  `uuid` varchar(255) COLLATE utf8mb4_bin DEFAULT NULL,
  `creator_id` bigint(20) DEFAULT NULL,
  PRIMARY KEY (`id`),
  KEY `FKsv9tvdr3pkm25ib6bpoc8ow5b` (`creator_id`),
  CONSTRAINT `FKsv9tvdr3pkm25ib6bpoc8ow5b` FOREIGN KEY (`creator_id`) REFERENCES `member` (`id`)
) ENGINE=InnoDB AUTO_INCREMENT=12 DEFAULT CHARSET=utf8mb4 COLLATE=utf8mb4_bin;
/*!40101 SET character_set_client = @saved_cs_client */;

--
-- Dumping data for table `challenge`
--

LOCK TABLES `challenge` WRITE;
/*!40000 ALTER TABLE `challenge` DISABLE KEYS */;
INSERT INTO `challenge` VALUES (1,'2023-09-20 07:02:51.000000','2023-10-05 07:02:51.000000','2023-09-27 07:02:51.000000',7,50000,'2023-10-05 07:02:51.000000',2,'티비 값 아낍니다','123123-123123',1),(2,'2023-09-03 07:02:51.000000','2023-10-05 07:02:51.000000','2023-09-13 07:02:51.000000',10,150000,'2023-10-05 07:02:51.000000',2,'컴퓨터 살거야','123123-123123',1),(3,'2023-09-10 07:02:51.000000','2023-10-05 07:02:51.000000','2023-09-17 07:02:51.000000',7,90000,'2023-10-05 07:02:51.000000',2,'티끌모아 태산','331722-123123',2),(4,'2023-07-31 07:02:51.000000','2023-10-05 07:02:51.000000','2023-08-17 07:02:51.000000',17,150000,'2023-10-05 07:02:51.000000',2,'강한이형 생일선물','124-123123',1),(5,'2023-09-23 07:02:51.000000','2023-10-05 07:02:51.000000','2023-09-30 07:02:51.000000',7,7800,'2023-10-05 07:02:51.000000',2,'파인엔슈 먹을거야','634643-123123',1),(6,'2023-09-08 07:02:51.000000','2023-10-05 07:02:51.000000','2023-09-09 07:02:51.000000',1,10000,'2023-10-05 07:02:51.000000',2,'만원의 행복','3457535-123123',2),(7,'2023-08-21 07:02:52.000000','2023-10-05 07:02:52.000000','2023-08-31 07:02:52.000000',10,100000,'2023-10-05 07:02:52.000000',2,'10만원의 행복','347735-123123',2),(8,'2023-08-30 07:02:52.000000','2023-10-05 07:02:52.000000','2023-09-03 07:02:52.000000',4,100000,'2023-10-05 07:02:52.000000',2,'아껴서 아낀다','2523523-123123',3),(9,'2023-08-26 07:02:52.000000','2023-10-05 07:02:52.000000','2023-09-05 07:02:52.000000',10,300000,'2023-10-05 07:02:52.000000',2,'광주 2반 다모여','2532663-123123',2),(10,'2023-06-28 07:02:52.000000','2023-10-05 07:02:52.000000','2023-06-30 07:02:52.000000',7,100000,'2023-10-05 07:02:52.000000',2,'11조는 그냥 아껴버려','236623-123123',4),(11,'2023-10-02 07:03:55.000000','2023-10-04 07:03:55.000000','2023-10-11 07:03:55.000000',7,100000,'2023-10-04 07:03:55.000000',1,'돈모아서 여행가자!','owuhgidshfi-sdighisosdjoif-rtjtyrt',1);
/*!40000 ALTER TABLE `challenge` ENABLE KEYS */;
UNLOCK TABLES;

--
-- Table structure for table `challenge_participant`
--

DROP TABLE IF EXISTS `challenge_participant`;
/*!40101 SET @saved_cs_client     = @@character_set_client */;
/*!40101 SET character_set_client = utf8 */;
CREATE TABLE `challenge_participant` (
  `id` bigint(20) NOT NULL AUTO_INCREMENT,
  `create_date` datetime(6) DEFAULT NULL,
  `modify_date` datetime(6) DEFAULT NULL,
  `is_exchange` bit(1) DEFAULT b'0',
  `spare` bigint(20) DEFAULT NULL,
  `challenge_id` bigint(20) DEFAULT NULL,
  `member_id` bigint(20) DEFAULT NULL,
  PRIMARY KEY (`id`),
  KEY `FKcmotvehs33fr3oregxapplphf` (`challenge_id`),
  KEY `FKi70mosxh7q3fr2kv5yiqijtea` (`member_id`),
  CONSTRAINT `FKcmotvehs33fr3oregxapplphf` FOREIGN KEY (`challenge_id`) REFERENCES `challenge` (`id`),
  CONSTRAINT `FKi70mosxh7q3fr2kv5yiqijtea` FOREIGN KEY (`member_id`) REFERENCES `member` (`id`)
) ENGINE=InnoDB AUTO_INCREMENT=22 DEFAULT CHARSET=utf8mb4 COLLATE=utf8mb4_bin;
/*!40101 SET character_set_client = @saved_cs_client */;

--
-- Dumping data for table `challenge_participant`
--

LOCK TABLES `challenge_participant` WRITE;
/*!40000 ALTER TABLE `challenge_participant` DISABLE KEYS */;
INSERT INTO `challenge_participant` VALUES (1,'2023-09-20 07:02:52.000000','2023-10-05 07:02:52.000000','',5000,1,1),(2,'2023-09-20 07:02:52.000000','2023-10-05 16:13:50.697369','',5000,1,2),(3,'2023-09-03 07:02:52.000000','2023-10-05 07:02:52.000000','\0',5000,2,1),(4,'2023-09-03 07:02:52.000000','2023-10-05 07:02:52.000000','',5000,2,2),(5,'2023-09-03 07:02:52.000000','2023-10-05 07:02:52.000000','',5000,2,3),(6,'2023-09-10 07:02:52.000000','2023-10-05 07:02:52.000000','',5000,3,1),(7,'2023-07-31 07:02:52.000000','2023-10-05 07:02:52.000000','\0',5000,4,1),(8,'2023-07-31 07:02:53.000000','2023-10-05 07:02:53.000000','',5000,4,2),(9,'2023-07-31 07:02:53.000000','2023-10-05 07:02:53.000000','',5000,4,3),(10,'2023-07-31 07:02:53.000000','2023-10-05 07:02:53.000000','\0',5000,5,1),(11,'2023-07-31 07:02:53.000000','2023-10-05 07:02:53.000000','',5000,6,2),(12,'2023-07-31 07:02:53.000000','2023-10-05 07:02:53.000000','',5000,7,2),(13,'2023-07-31 07:02:53.000000','2023-10-05 07:02:53.000000','',5000,8,3),(14,'2023-07-31 07:02:53.000000','2023-10-05 07:02:53.000000','',5000,9,2),(15,'2023-07-31 07:02:53.000000','2023-10-05 07:02:53.000000','',5000,10,4),(16,'2023-10-04 07:03:55.000000','2023-10-04 07:03:55.000000','\0',100000,11,1),(17,'2023-10-04 07:03:55.000000','2023-10-04 07:03:55.000000','\0',95000,11,2),(18,'2023-10-04 07:03:55.000000','2023-10-04 07:03:55.000000','\0',82000,11,3),(19,'2023-10-04 07:03:55.000000','2023-10-04 07:03:55.000000','\0',88000,11,4),(20,'2023-10-04 07:03:55.000000','2023-10-04 07:03:55.000000','\0',12000,11,5),(21,'2023-10-04 07:03:55.000000','2023-10-04 07:03:55.000000','\0',54000,11,6);
/*!40000 ALTER TABLE `challenge_participant` ENABLE KEYS */;
UNLOCK TABLES;

--
-- Table structure for table `habit`
--

DROP TABLE IF EXISTS `habit`;
/*!40101 SET @saved_cs_client     = @@character_set_client */;
/*!40101 SET character_set_client = utf8 */;
CREATE TABLE `habit` (
  `id` bigint(20) NOT NULL AUTO_INCREMENT,
  `create_date` datetime(6) DEFAULT NULL,
  `modify_date` datetime(6) DEFAULT NULL,
  `end_date` datetime(6) DEFAULT NULL,
  `habit_name` varchar(255) COLLATE utf8mb4_bin DEFAULT NULL,
  `saving` bigint(20) DEFAULT 0,
  `state` int(11) NOT NULL DEFAULT 0,
  `target_money` int(11) NOT NULL,
  `title` varchar(255) COLLATE utf8mb4_bin DEFAULT NULL,
  `type` int(11) NOT NULL,
  `member_id` bigint(20) DEFAULT NULL,
  PRIMARY KEY (`id`),
  KEY `FK51qijaxv0nfjrapn7ohjug5js` (`member_id`),
  CONSTRAINT `FK51qijaxv0nfjrapn7ohjug5js` FOREIGN KEY (`member_id`) REFERENCES `member` (`id`)
) ENGINE=InnoDB AUTO_INCREMENT=13 DEFAULT CHARSET=utf8mb4 COLLATE=utf8mb4_bin;
/*!40101 SET character_set_client = @saved_cs_client */;

--
-- Dumping data for table `habit`
--

LOCK TABLES `habit` WRITE;
/*!40000 ALTER TABLE `habit` DISABLE KEYS */;
INSERT INTO `habit` VALUES (1,'2023-09-28 00:00:00.000000','2023-10-05 07:03:55.000000','2023-10-12 00:00:00.000000','담배',31500,0,4500,'금연하겠습니다',1,1),(2,'2023-09-28 00:00:00.000000','2023-10-05 07:03:55.000000','2023-10-19 00:00:00.000000','술',33000,0,5500,'그만 마시겠습니다',1,1),(10,'2023-08-07 00:00:00.000000','2023-08-07 00:00:00.000000','2023-09-07 00:00:00.000000','과자_간식',0,0,1000,'간식 줄이자!',1,8),(11,'2023-08-08 12:00:00.000000','2023-08-08 12:00:00.000000','2023-12-30 12:00:00.000000','담배',0,0,4500,'금연 도전!!',0,8),(12,'2023-08-15 12:00:00.000000','2023-08-15 12:00:00.000000','2023-12-30 12:00:00.000000','주류',0,0,2000,'술도 줄여 봅시당',1,8);
/*!40000 ALTER TABLE `habit` ENABLE KEYS */;
UNLOCK TABLES;

--
-- Table structure for table `habit_habit_log`
--

DROP TABLE IF EXISTS `habit_habit_log`;
/*!40101 SET @saved_cs_client     = @@character_set_client */;
/*!40101 SET character_set_client = utf8 */;
CREATE TABLE `habit_habit_log` (
  `habit_id` bigint(20) NOT NULL,
  `habit_log_id` bigint(20) NOT NULL,
  UNIQUE KEY `UK_2vnsbwqtmmcbyvq4xih8fjorc` (`habit_log_id`),
  KEY `FK5gdu00qri3xrjvygeuqgaqf1` (`habit_id`),
  CONSTRAINT `FK5gdu00qri3xrjvygeuqgaqf1` FOREIGN KEY (`habit_id`) REFERENCES `habit` (`id`),
  CONSTRAINT `FKej1t93sl10d6a30oep0x52dnq` FOREIGN KEY (`habit_log_id`) REFERENCES `habit_log` (`id`)
) ENGINE=InnoDB DEFAULT CHARSET=utf8mb4 COLLATE=utf8mb4_bin;
/*!40101 SET character_set_client = @saved_cs_client */;

--
-- Dumping data for table `habit_habit_log`
--

LOCK TABLES `habit_habit_log` WRITE;
/*!40000 ALTER TABLE `habit_habit_log` DISABLE KEYS */;
INSERT INTO `habit_habit_log` VALUES (10,21),(10,22),(10,23),(10,24),(10,25),(10,26),(10,27),(10,28),(11,29),(11,30),(11,31),(11,32),(11,33),(11,34),(11,35),(11,36),(11,37),(11,38),(11,39),(11,40),(11,41),(11,42),(11,43),(12,44),(12,45),(12,46),(12,47),(12,48),(12,49),(12,50),(12,51),(12,52),(12,53),(12,54);
/*!40000 ALTER TABLE `habit_habit_log` ENABLE KEYS */;
UNLOCK TABLES;

--
-- Table structure for table `habit_log`
--

DROP TABLE IF EXISTS `habit_log`;
/*!40101 SET @saved_cs_client     = @@character_set_client */;
/*!40101 SET character_set_client = utf8 */;
CREATE TABLE `habit_log` (
  `id` bigint(20) NOT NULL AUTO_INCREMENT,
  `create_date` datetime(6) DEFAULT NULL,
  `modify_date` datetime(6) DEFAULT NULL,
  `save_day` datetime(6) DEFAULT NULL,
  `save_money` bigint(20) DEFAULT NULL,
  `habit_id` bigint(20) DEFAULT NULL,
  PRIMARY KEY (`id`),
  KEY `FKmy4pmvasgdoyfptudvarv5gv1` (`habit_id`),
  CONSTRAINT `FKmy4pmvasgdoyfptudvarv5gv1` FOREIGN KEY (`habit_id`) REFERENCES `habit` (`id`)
) ENGINE=InnoDB AUTO_INCREMENT=55 DEFAULT CHARSET=utf8mb4 COLLATE=utf8mb4_bin;
/*!40101 SET character_set_client = @saved_cs_client */;

--
-- Dumping data for table `habit_log`
--

LOCK TABLES `habit_log` WRITE;
/*!40000 ALTER TABLE `habit_log` DISABLE KEYS */;
INSERT INTO `habit_log` VALUES (2,'2023-09-28 00:00:00.000000','2023-09-28 00:00:00.000000','2023-09-28 00:00:00.000000',4500,1),(3,'2023-09-28 00:00:00.000000','2023-09-28 00:00:00.000000','2023-09-28 00:00:00.000000',5500,2),(4,'2023-09-29 00:00:00.000000','2023-09-29 00:00:00.000000','2023-09-29 00:00:00.000000',4500,1),(5,'2023-09-29 00:00:00.000000','2023-09-29 00:00:00.000000','2023-09-29 00:00:00.000000',5500,2),(6,'2023-09-30 00:00:00.000000','2023-09-30 00:00:00.000000','2023-09-30 00:00:00.000000',4500,1),(7,'2023-09-30 00:00:00.000000','2023-09-30 00:00:00.000000','2023-09-30 00:00:00.000000',5500,2),(8,'2023-10-01 00:00:00.000000','2023-10-01 00:00:00.000000','2023-10-01 00:00:00.000000',4500,1),(9,'2023-10-01 00:00:00.000000','2023-10-01 00:00:00.000000','2023-10-01 00:00:00.000000',5500,2),(10,'2023-10-02 00:00:00.000000','2023-10-02 00:00:00.000000','2023-10-02 00:00:00.000000',4500,1),(11,'2023-10-02 00:00:00.000000','2023-10-02 00:00:00.000000','2023-10-02 00:00:00.000000',5500,2),(12,'2023-10-03 00:00:00.000000','2023-10-03 00:00:00.000000','2023-10-03 00:00:00.000000',4500,1),(13,'2023-10-04 00:00:00.000000','2023-10-04 00:00:00.000000','2023-10-04 00:00:00.000000',4500,1),(14,'2023-10-03 00:00:00.000000','2023-10-03 00:00:00.000000','2023-10-03 00:00:00.000000',5500,2),(21,'2023-08-08 12:00:00.000000','2023-08-08 12:00:00.000000','2023-08-08 00:00:00.000000',1000,10),(22,'2023-08-10 12:00:00.000000','2023-08-10 12:00:00.000000','2023-08-10 00:00:00.000000',1000,10),(23,'2023-08-11 12:00:00.000000','2023-08-11 12:00:00.000000','2023-08-11 00:00:00.000000',1000,10),(24,'2023-08-15 12:00:00.000000','2023-08-15 12:00:00.000000','2023-08-15 00:00:00.000000',1000,10),(25,'2023-08-16 12:00:00.000000','2023-08-16 12:00:00.000000','2023-08-16 00:00:00.000000',1000,10),(26,'2023-08-20 12:00:00.000000','2023-08-20 12:00:00.000000','2023-08-20 00:00:00.000000',1000,10),(27,'2023-08-23 12:00:00.000000','2023-08-23 12:00:00.000000','2023-08-23 00:00:00.000000',1000,10),(28,'2023-08-30 12:00:00.000000','2023-08-30 12:00:00.000000','2023-08-30 00:00:00.000000',1000,10),(29,'2023-08-08 12:00:00.000000','2023-08-08 12:00:00.000000','2023-08-08 00:00:00.000000',4500,11),(30,'2023-08-13 12:00:00.000000','2023-08-13 12:00:00.000000','2023-08-13 00:00:00.000000',4500,11),(31,'2023-08-19 12:00:00.000000','2023-08-19 12:00:00.000000','2023-08-19 00:00:00.000000',4500,11),(32,'2023-08-28 12:00:00.000000','2023-08-28 12:00:00.000000','2023-08-28 00:00:00.000000',4500,11),(33,'2023-09-01 12:00:00.000000','2023-09-01 12:00:00.000000','2023-09-01 00:00:00.000000',4500,11),(34,'2023-09-04 12:00:00.000000','2023-09-04 12:00:00.000000','2023-09-04 00:00:00.000000',4500,11),(35,'2023-09-05 12:00:00.000000','2023-09-05 12:00:00.000000','2023-09-05 00:00:00.000000',4500,11),(36,'2023-09-11 12:00:00.000000','2023-09-11 12:00:00.000000','2023-09-11 00:00:00.000000',4500,11),(37,'2023-09-16 12:00:00.000000','2023-09-16 12:00:00.000000','2023-09-16 00:00:00.000000',4500,11),(38,'2023-09-20 12:00:00.000000','2023-09-20 12:00:00.000000','2023-09-20 00:00:00.000000',4500,11),(39,'2023-09-25 12:00:00.000000','2023-09-25 12:00:00.000000','2023-09-25 00:00:00.000000',4500,11),(40,'2023-09-28 12:00:00.000000','2023-09-28 12:00:00.000000','2023-09-28 00:00:00.000000',4500,11),(41,'2023-09-30 12:00:00.000000','2023-09-30 12:00:00.000000','2023-09-30 00:00:00.000000',4500,11),(42,'2023-10-02 12:00:00.000000','2023-10-02 12:00:00.000000','2023-10-02 00:00:00.000000',4500,11),(43,'2023-10-05 12:00:00.000000','2023-10-05 12:00:00.000000','2023-10-05 00:00:00.000000',4500,11),(44,'2023-09-11 12:00:00.000000','2023-09-11 12:00:00.000000','2023-09-11 00:00:00.000000',2000,12),(45,'2023-09-12 12:00:00.000000','2023-09-12 12:00:00.000000','2023-09-12 00:00:00.000000',2000,12),(46,'2023-09-16 12:00:00.000000','2023-09-16 12:00:00.000000','2023-09-16 00:00:00.000000',2000,12),(47,'2023-09-17 12:00:00.000000','2023-09-17 12:00:00.000000','2023-09-17 00:00:00.000000',2000,12),(48,'2023-09-20 12:00:00.000000','2023-09-20 12:00:00.000000','2023-09-20 00:00:00.000000',2000,12),(49,'2023-09-21 12:00:00.000000','2023-09-21 12:00:00.000000','2023-09-21 00:00:00.000000',2000,12),(50,'2023-09-27 12:00:00.000000','2023-09-27 12:00:00.000000','2023-09-27 00:00:00.000000',2000,12),(51,'2023-10-01 12:00:00.000000','2023-10-01 12:00:00.000000','2023-10-01 00:00:00.000000',2000,12),(52,'2023-10-02 12:00:00.000000','2023-10-02 12:00:00.000000','2023-10-02 00:00:00.000000',2000,12),(53,'2023-10-05 12:00:00.000000','2023-10-05 12:00:00.000000','2023-10-05 00:00:00.000000',2000,12),(54,'2023-10-06 12:00:00.000000','2023-10-06 12:00:00.000000','2023-10-06 00:00:00.000000',2000,12);
/*!40000 ALTER TABLE `habit_log` ENABLE KEYS */;
UNLOCK TABLES;

--
-- Table structure for table `if_buy_entity`
--

DROP TABLE IF EXISTS `if_buy_entity`;
/*!40101 SET @saved_cs_client     = @@character_set_client */;
/*!40101 SET character_set_client = utf8 */;
CREATE TABLE `if_buy_entity` (
  `id` bigint(20) NOT NULL AUTO_INCREMENT,
  `name` varchar(255) COLLATE utf8mb4_bin NOT NULL,
  `price` bigint(20) NOT NULL,
  `store_file_name` varchar(255) COLLATE utf8mb4_bin DEFAULT NULL,
  `upload_file_name` varchar(255) COLLATE utf8mb4_bin DEFAULT NULL,
  `member_id` bigint(20) NOT NULL,
  PRIMARY KEY (`id`),
  KEY `FKe7y00ptiaj5x2mokjnrvlpou5` (`member_id`),
  CONSTRAINT `FKe7y00ptiaj5x2mokjnrvlpou5` FOREIGN KEY (`member_id`) REFERENCES `member` (`id`)
) ENGINE=InnoDB AUTO_INCREMENT=7 DEFAULT CHARSET=utf8mb4 COLLATE=utf8mb4_bin;
/*!40101 SET character_set_client = @saved_cs_client */;

--
-- Dumping data for table `if_buy_entity`
--

LOCK TABLES `if_buy_entity` WRITE;
/*!40000 ALTER TABLE `if_buy_entity` DISABLE KEYS */;
INSERT INTO `if_buy_entity` VALUES (1,'갤럭시 버즈',130000,NULL,NULL,1),(2,'갤럭시 북 3 프로',1570000,NULL,NULL,1),(3,'갤럭시 S23+',1310000,NULL,NULL,1),(4,'삼성 냉장고 비스포크 3도어',3000000,NULL,NULL,1),(5,'삼성 비스코프 에어컨',5252980,NULL,NULL,1),(6,'오징어',18000,'f03a8468-eae3-4865-99a1-63454f342f56.jpg','20230630_192811.jpg',6);
/*!40000 ALTER TABLE `if_buy_entity` ENABLE KEYS */;
UNLOCK TABLES;

--
-- Table structure for table `member`
--

DROP TABLE IF EXISTS `member`;
/*!40101 SET @saved_cs_client     = @@character_set_client */;
/*!40101 SET character_set_client = utf8 */;
CREATE TABLE `member` (
  `id` bigint(20) NOT NULL AUTO_INCREMENT,
  `create_date` datetime(6) DEFAULT NULL,
  `modify_date` datetime(6) DEFAULT NULL,
  `account_num` varchar(255) COLLATE utf8mb4_bin DEFAULT NULL,
  `address` varchar(255) COLLATE utf8mb4_bin DEFAULT NULL,
  `address_detail` varchar(255) COLLATE utf8mb4_bin DEFAULT NULL,
  `zip_code` varchar(255) COLLATE utf8mb4_bin DEFAULT NULL,
  `auto_login` bit(1) DEFAULT b'0',
  `email` varchar(255) COLLATE utf8mb4_bin NOT NULL,
  `hash_code` varchar(255) COLLATE utf8mb4_bin DEFAULT NULL,
  `login_id` varchar(255) COLLATE utf8mb4_bin NOT NULL,
  `mydata_access_token` varchar(400) COLLATE utf8mb4_bin DEFAULT NULL,
  `name` varchar(255) COLLATE utf8mb4_bin NOT NULL,
  `password` varchar(255) COLLATE utf8mb4_bin NOT NULL,
  `phone` varchar(255) COLLATE utf8mb4_bin NOT NULL,
  `refresh_token` varchar(255) COLLATE utf8mb4_bin DEFAULT NULL,
  `simple_password` varchar(255) COLLATE utf8mb4_bin NOT NULL,
  PRIMARY KEY (`id`),
  UNIQUE KEY `UK_enfm5patwjqulw8k4wwuo6f60` (`login_id`),
  UNIQUE KEY `UK_g93m8vi8j550q9ph2j1uxvsq` (`account_num`)
) ENGINE=InnoDB AUTO_INCREMENT=12 DEFAULT CHARSET=utf8mb4 COLLATE=utf8mb4_bin;
/*!40101 SET character_set_client = @saved_cs_client */;

--
-- Dumping data for table `member`
--

LOCK TABLES `member` WRITE;
/*!40000 ALTER TABLE `member` DISABLE KEYS */;
INSERT INTO `member` VALUES (1,'2023-10-05 07:02:50.000000','2023-10-05 07:02:50.000000',NULL,'광주광역시 광산구','장덕동','05526','\0','user1@naver.com',NULL,'jiheon_114',NULL,'이지헌','jiheon_114!','01071857744',NULL,'123456'),(2,'2023-10-05 07:02:50.000000','2023-10-05 16:12:30.281287','71751852525628','광주광역시 광산구','수완동','02326','\0','user2@naver.com',NULL,'tjdwns','Bearer eyJ0eXAiOiJKV1QiLCJhbGciOiJIUzI1NiJ9.eyJpc3MiOiJCYW5rIiwiYXVkIjoiVGFlc2FuIiwianRpIjoiMmM5ZTczY2EtYTg0Ny00MWE1LWI2YmQtN2FiNDk2MGQwOWYyIiwiZXhwIjoxNzA0MjY1OTMxLCJzY29wZSI6ImJhbmsubGlzdF9iYW5rLmRlcG9zaXRfY2FyZC5saXN0X2NhcmQuY2FyZCIsInVzZXItY2kiOjJ9.qKBi9KvdfT1OssFWwSweKKTdggq4Y8MmCz49cv-1Lpk','김성준','tjdwns','01023232562','eyJhbGciOiJIUzI1NiJ9.eyJ1c2VySWQiOjIsImlhdCI6MTY5NjQ4OTkxMCwiZXhwIjoxNjk3MDk0NzEwfQ.ZgPhnpXO2YiJHm00WFjG-Gz572F4n0dq8MwBxt_cPZU','123456'),(3,'2023-10-05 07:02:50.000000','2023-10-05 16:04:39.322070','71091065119577','경기도 성남시 중원구','은행동','12415','\0','user3@naver.com',NULL,'wlgjs','Bearer eyJ0eXAiOiJKV1QiLCJhbGciOiJIUzI1NiJ9.eyJpc3MiOiJCYW5rIiwiYXVkIjoiVGFlc2FuIiwianRpIjoiNTU2NTQzZDYtYWNkZi00Y2RiLTkxM2YtZGE5NDgwMzg5ODU0IiwiZXhwIjoxNzA0MjY1NDYyLCJzY29wZSI6ImJhbmsubGlzdF9iYW5rLmRlcG9zaXRfY2FyZC5saXN0X2NhcmQuY2FyZCIsInVzZXItY2kiOjN9.HoIMIKEMU0GXPDVKdEIApchYadhFenweDzk-VZTSo28','이지헌','wlgjs','01074574421','eyJhbGciOiJIUzI1NiJ9.eyJ1c2VySWQiOjMsImlhdCI6MTY5NjQ4OTQ1NSwiZXhwIjoxNjk3MDk0MjU1fQ.Ai7BJaUDCeTZCdrrvjchpf2haeQT2P_k60KO-4jQDXc','123456'),(4,'2023-10-05 07:02:50.000000','2023-10-05 07:02:50.000000',NULL,'강원도 태백시 태백읍','태백동','36234','\0','user4@naver.com',NULL,'gmlckd',NULL,'박희창','gmlckd','01023142563',NULL,'123456'),(5,'2023-10-05 07:02:50.000000','2023-10-05 07:02:50.000000',NULL,'경기도 성남시 중원구','금광동','12412','\0','user5@naver.com',NULL,'dydgus',NULL,'배용현','dydgus','01071857734',NULL,'123456'),(6,'2023-10-05 07:02:51.000000','2023-10-05 16:09:50.697951','97192906624309','경기도 성남시 중원구','금광1동','12427','\0','user6@naver.com',NULL,'rbfka','Bearer eyJ0eXAiOiJKV1QiLCJhbGciOiJIUzI1NiJ9.eyJpc3MiOiJCYW5rIiwiYXVkIjoiVGFlc2FuIiwianRpIjoiZDU3NDQ1YjgtOWFkYi00NDM3LWFlODUtNDRkNjFlZDUwYjczIiwiZXhwIjoxNzA0MjY1NDk3LCJzY29wZSI6ImJhbmsubGlzdF9iYW5rLmRlcG9zaXRfY2FyZC5saXN0X2NhcmQuY2FyZCIsInVzZXItY2kiOjZ9.KQAP0drYsnB9fCXx8FU3v9CDl3g3MvczRmRqkEBOio8','신규람','rbfka','01076349945','eyJhbGciOiJIUzI1NiJ9.eyJ1c2VySWQiOjYsImlhdCI6MTY5NjQ4OTc5MCwiZXhwIjoxNjk3MDk0NTkwfQ.tZu6wM60CHXoH9rk2xdVsE2TIOsA6uJWqLK82k1pofI','123456'),(7,'2023-10-05 07:02:51.000000','2023-10-05 07:02:51.000000',NULL,'경기도 성남시 중원구','금광2동','83252','\0','user7@naver.com',NULL,'gkdyd',NULL,'김하영','gkdud','01078084421',NULL,'123456'),(8,'2023-10-05 07:02:51.000000','2023-10-05 07:02:51.000000',NULL,'경기도 성남시 수정구','모란동','76541','\0','user8@naver.com',NULL,'admin8',NULL,'윤복희','admin8','01012462563',NULL,'123456'),(9,'2023-10-05 07:02:51.000000','2023-10-05 16:03:34.871635','22727423388914','강원도 강릉시','강릉동','54763','\0','user9@naver.com',NULL,'admin1','Bearer eyJ0eXAiOiJKV1QiLCJhbGciOiJIUzI1NiJ9.eyJpc3MiOiJCYW5rIiwiYXVkIjoiVGFlc2FuIiwianRpIjoiNWQzODk4Y2QtYTgwZS00M2VjLTgxZmEtNGEwMGQ3ZmQ3NGY5IiwiZXhwIjoxNzA0MjY1Mzk4LCJzY29wZSI6ImJhbmsubGlzdF9iYW5rLmRlcG9zaXRfY2FyZC5saXN0X2NhcmQuY2FyZCIsInVzZXItY2kiOjl9.YrrL1wE3kYDT6VB1RvBZqnNLwxuobquBLYI_e8Gan8E','김주혁','admin1','01071855244','eyJhbGciOiJIUzI1NiJ9.eyJ1c2VySWQiOjksImlhdCI6MTY5NjQ4OTM5MCwiZXhwIjoxNjk3MDk0MTkwfQ.7zansNAQaFSHveKOLKpyVkjgnok3QnukrnTlD2aC6wM','123456'),(10,'2023-10-05 07:02:51.000000','2023-10-05 07:02:51.000000',NULL,'제주도 제주시','제주동','67543','\0','user10@naver.com',NULL,'admin10',NULL,'박후건','admin10','01023452563',NULL,'123456'),(11,'2023-10-05 07:02:51.000000','2023-10-05 07:02:51.000000',NULL,'경상북도 울릉군','울릉동','65431','\0','user11@naver.com',NULL,'admin11',NULL,'박규은','admin11','01026628522',NULL,'123456');
/*!40000 ALTER TABLE `member` ENABLE KEYS */;
UNLOCK TABLES;

--
-- Table structure for table `pay_history`
--

DROP TABLE IF EXISTS `pay_history`;
/*!40101 SET @saved_cs_client     = @@character_set_client */;
/*!40101 SET character_set_client = utf8 */;
CREATE TABLE `pay_history` (
  `id` bigint(20) NOT NULL AUTO_INCREMENT,
  `create_date` datetime(6) DEFAULT NULL,
  `modify_date` datetime(6) DEFAULT NULL,
  `total_amt` bigint(20) DEFAULT NULL,
  `trans_amt` bigint(20) DEFAULT NULL,
  `trans_type` int(11) DEFAULT NULL,
  `tikkle_id` bigint(20) DEFAULT NULL,
  PRIMARY KEY (`id`),
  KEY `FK5dibntosrclqkc2iv27m5bysb` (`tikkle_id`),
  CONSTRAINT `FK5dibntosrclqkc2iv27m5bysb` FOREIGN KEY (`tikkle_id`) REFERENCES `tikkle` (`id`)
) ENGINE=InnoDB AUTO_INCREMENT=3 DEFAULT CHARSET=utf8mb4 COLLATE=utf8mb4_bin;
/*!40101 SET character_set_client = @saved_cs_client */;

--
-- Dumping data for table `pay_history`
--

LOCK TABLES `pay_history` WRITE;
/*!40000 ALTER TABLE `pay_history` DISABLE KEYS */;
INSERT INTO `pay_history` VALUES (1,'2023-10-05 16:12:03.450947','2023-10-05 16:12:03.450947',0,18000,1,2),(2,'2023-10-05 16:13:50.687453','2023-10-05 16:13:50.687453',0,5000,3,4);
/*!40000 ALTER TABLE `pay_history` ENABLE KEYS */;
UNLOCK TABLES;

--
-- Table structure for table `receipt`
--

DROP TABLE IF EXISTS `receipt`;
/*!40101 SET @saved_cs_client     = @@character_set_client */;
/*!40101 SET character_set_client = utf8 */;
CREATE TABLE `receipt` (
  `id` bigint(20) NOT NULL AUTO_INCREMENT,
  `transaction_id` bigint(20) NOT NULL,
  PRIMARY KEY (`id`),
  KEY `FKqmrqdexu0wv5sluinybhi1obj` (`transaction_id`),
  CONSTRAINT `FKqmrqdexu0wv5sluinybhi1obj` FOREIGN KEY (`transaction_id`) REFERENCES `transaction` (`id`)
) ENGINE=InnoDB AUTO_INCREMENT=3 DEFAULT CHARSET=utf8mb4 COLLATE=utf8mb4_bin;
/*!40101 SET character_set_client = @saved_cs_client */;

--
-- Dumping data for table `receipt`
--

LOCK TABLES `receipt` WRITE;
/*!40000 ALTER TABLE `receipt` DISABLE KEYS */;
INSERT INTO `receipt` VALUES (1,3),(2,422);
/*!40000 ALTER TABLE `receipt` ENABLE KEYS */;
UNLOCK TABLES;

--
-- Table structure for table `receipt_list`
--

DROP TABLE IF EXISTS `receipt_list`;
/*!40101 SET @saved_cs_client     = @@character_set_client */;
/*!40101 SET character_set_client = utf8 */;
CREATE TABLE `receipt_list` (
  `id` bigint(20) NOT NULL AUTO_INCREMENT,
  `category` varchar(255) COLLATE utf8mb4_bin DEFAULT NULL,
  `name` varchar(255) COLLATE utf8mb4_bin DEFAULT NULL,
  `price` bigint(20) DEFAULT NULL,
  `receipt_id` bigint(20) NOT NULL,
  PRIMARY KEY (`id`),
  KEY `FK743v5srrfi7juqx0dwonpaw8c` (`receipt_id`),
  CONSTRAINT `FK743v5srrfi7juqx0dwonpaw8c` FOREIGN KEY (`receipt_id`) REFERENCES `receipt` (`id`)
) ENGINE=InnoDB AUTO_INCREMENT=13 DEFAULT CHARSET=utf8mb4 COLLATE=utf8mb4_bin;
/*!40101 SET character_set_client = @saved_cs_client */;

--
-- Dumping data for table `receipt_list`
--

LOCK TABLES `receipt_list` WRITE;
/*!40000 ALTER TABLE `receipt_list` DISABLE KEYS */;
INSERT INTO `receipt_list` VALUES (1,'곡류','프로틴바K 아몬드앤 호박씨',2350,1),(2,'주방용품','M자형 부직포 장바구니',1000,1),(3,'주방용품','쿠크다스커피',1700,1),(4,'과자_간식','허쉬 초콜릿 칩 쿠키',2050,1),(5,'과자_간식','아몬드봉봉 아이스크림 바',1600,1),(6,'간편식','GET10189BKFREE스포츠양',1800,1),(7,'뷰티','아이오페 히아루로닉 크림 50ml',12100,1),(8,'뷰티','에스엔피 골드 콜라겐 리프트 액션',8060,1),(9,'뷰티','가히 서울 링클 바운스 멀티밤',62400,1),(10,'과자_간식','이클립스 페퍼민트향 34g',1920,1),(11,'주류','참이슬',20000,2),(12,'간편식','오뎅탕',12900,2);
/*!40000 ALTER TABLE `receipt_list` ENABLE KEYS */;
UNLOCK TABLES;

--
-- Table structure for table `tikkle`
--

DROP TABLE IF EXISTS `tikkle`;
/*!40101 SET @saved_cs_client     = @@character_set_client */;
/*!40101 SET character_set_client = utf8 */;
CREATE TABLE `tikkle` (
  `id` bigint(20) NOT NULL AUTO_INCREMENT,
  `create_date` datetime(6) DEFAULT NULL,
  `modify_date` datetime(6) DEFAULT NULL,
  `end_date` datetime(6) DEFAULT NULL,
  `money` bigint(20) DEFAULT NULL,
  `member_id` bigint(20) DEFAULT NULL,
  PRIMARY KEY (`id`),
  KEY `FKawa2ud8nhothd7kn3m3dre6fl` (`member_id`),
  CONSTRAINT `FKawa2ud8nhothd7kn3m3dre6fl` FOREIGN KEY (`member_id`) REFERENCES `member` (`id`)
) ENGINE=InnoDB AUTO_INCREMENT=5 DEFAULT CHARSET=utf8mb4 COLLATE=utf8mb4_bin;
/*!40101 SET character_set_client = @saved_cs_client */;

--
-- Dumping data for table `tikkle`
--

LOCK TABLES `tikkle` WRITE;
/*!40000 ALTER TABLE `tikkle` DISABLE KEYS */;
INSERT INTO `tikkle` VALUES (1,'2023-10-05 16:03:48.253236','2023-10-05 16:03:48.253236','2024-10-05 09:00:00.000000',0,9),(2,'2023-10-05 16:05:30.933050','2023-10-05 16:12:03.461276','2023-10-31 09:00:00.000000',18000,6),(3,'2023-10-05 16:09:25.569243','2023-10-05 16:09:25.569243','2023-10-28 09:00:00.000000',0,3),(4,'2023-10-05 16:12:55.095267','2023-10-05 16:13:50.697667','2023-10-19 09:00:00.000000',5000,2);
/*!40000 ALTER TABLE `tikkle` ENABLE KEYS */;
UNLOCK TABLES;

--
-- Table structure for table `transaction`
--

DROP TABLE IF EXISTS `transaction`;
/*!40101 SET @saved_cs_client     = @@character_set_client */;
/*!40101 SET character_set_client = utf8 */;
CREATE TABLE `transaction` (
  `id` bigint(20) NOT NULL AUTO_INCREMENT,
  `approved_amount` bigint(20) NOT NULL,
  `approved_num` varchar(255) COLLATE utf8mb4_bin NOT NULL,
  `card_history_id` bigint(20) NOT NULL,
  `card_id` bigint(20) NOT NULL,
  `card_type` varchar(255) COLLATE utf8mb4_bin NOT NULL,
  `category` varchar(255) COLLATE utf8mb4_bin NOT NULL,
  `date_time` datetime(6) NOT NULL,
  `shop_name` varchar(255) COLLATE utf8mb4_bin NOT NULL,
  `shop_number` varchar(255) COLLATE utf8mb4_bin NOT NULL,
  `member_id` bigint(20) NOT NULL,
  PRIMARY KEY (`id`),
  KEY `FK8g210cmyp5dyikvxf9ek6ub30` (`member_id`),
  CONSTRAINT `FK8g210cmyp5dyikvxf9ek6ub30` FOREIGN KEY (`member_id`) REFERENCES `member` (`id`)
) ENGINE=InnoDB AUTO_INCREMENT=823 DEFAULT CHARSET=utf8mb4 COLLATE=utf8mb4_bin;
/*!40101 SET character_set_client = @saved_cs_client */;

--
-- Dumping data for table `transaction`
--

LOCK TABLES `transaction` WRITE;
/*!40000 ALTER TABLE `transaction` DISABLE KEYS */;
INSERT INTO `transaction` VALUES (1,49200,'12345678',198,1,'01','음식점','2023-10-04 20:03:18.726000','홍루이젠','789-012-3456',9),(2,38300,'12345678',185,1,'01','카페','2023-10-01 21:03:18.599000','엔젤리너스','876-210-5430',9),(3,6700,'12345678',183,1,'02','음식점','2023-10-01 15:03:18.580000','롯데리아','456-789-0123',9),(4,6600,'12345678',179,1,'02','음식점','2023-10-01 01:03:18.541000','롯데리아','456-789-0123',9),(5,34300,'12345678',173,1,'01','카페','2023-09-28 08:03:18.482000','투썸플레이스','109-876-5432',9),(6,45700,'12345678',168,1,'02','카페','2023-09-26 23:03:18.433000','엔젤리너스','876-210-5430',9),(7,27000,'12345678',166,1,'01','음식점','2023-09-26 19:03:18.414000','롯데리아','456-789-0123',9),(8,36100,'12345678',163,1,'01','음식점','2023-09-26 06:03:18.385000','황솔촌','654-987-0123',9),(9,18900,'12345678',161,1,'02','음식점','2023-09-25 05:03:18.365000','롯데리아','456-789-0123',9),(10,19900,'12345678',150,1,'02','음식점','2023-09-22 16:03:18.258000','홍루이젠','789-012-3456',9),(11,47300,'12345678',148,1,'02','카페','2023-09-22 05:03:18.239000','투썸플레이스','109-876-5432',9),(12,47800,'12345678',144,1,'01','음식점','2023-09-21 12:03:18.200000','홍루이젠','789-012-3456',9),(13,48500,'12345678',137,1,'01','음식점','2023-09-19 14:03:18.131000','홍루이젠','789-012-3456',9),(14,22000,'12345678',135,1,'02','음식점','2023-09-19 04:03:18.112000','홍루이젠','789-012-3456',9),(15,24100,'12345678',133,1,'01','기타','2023-09-18 17:03:18.092000','쿠팡','210-543-8769',9),(16,49600,'12345678',130,1,'02','카페','2023-09-18 10:03:18.062000','투썸플레이스','109-876-5432',9),(17,41400,'12345678',129,1,'02','음식점','2023-09-17 23:03:18.052000','황솔촌','654-987-0123',9),(18,27900,'12345678',118,1,'02','음식점','2023-09-14 12:03:17.942000','롯데리아','456-789-0123',9),(19,2800,'12345678',114,1,'01','음식점','2023-09-13 12:03:17.902000','홍루이젠','789-012-3456',9),(20,33900,'12345678',112,1,'02','편의점','2023-09-13 04:03:17.882000','GS25','123-456-7890',9),(21,2500,'12345678',111,1,'01','병원','2023-09-12 23:03:17.873000','상계백병원','321-654-9870',9),(22,39100,'12345678',105,1,'02','기타','2023-09-11 07:03:17.813000','쿠팡','210-543-8769',9),(23,12500,'12345678',99,1,'02','기타','2023-09-09 20:03:17.755000','무신사','543-876-2109',9),(24,25900,'12345678',96,1,'01','기타','2023-09-09 06:03:17.725000','무신사','543-876-2109',9),(25,17600,'12345678',95,1,'01','기타','2023-09-09 04:03:17.716000','쿠팡','210-543-8769',9),(26,15100,'12345678',92,1,'01','기타','2023-09-08 07:03:17.684000','쿠팡','210-543-8769',9),(27,22000,'12345678',91,1,'02','기타','2023-09-08 06:03:17.674000','무신사','543-876-2109',9),(28,9200,'12345678',85,1,'01','편의점','2023-09-07 09:03:17.616000','GS25','123-456-7890',9),(29,29200,'12345678',80,1,'01','기타','2023-09-05 09:03:17.567000','G마켓','987-012-3456',9),(30,21200,'12345678',69,1,'01','병원','2023-08-30 05:03:17.454000','상계백병원','321-654-9870',9),(31,11600,'12345678',62,1,'01','음식점','2023-08-28 13:03:17.386000','롯데리아','456-789-0123',9),(32,20900,'12345678',60,1,'02','기타','2023-08-27 23:03:17.366000','쿠팡','210-543-8769',9),(33,12400,'12345678',58,1,'01','기타','2023-08-27 15:03:17.346000','G마켓','987-012-3456',9),(34,26800,'12345678',54,1,'01','카페','2023-08-25 19:03:17.306000','투썸플레이스','109-876-5432',9),(35,9100,'12345678',51,1,'02','편의점','2023-08-24 20:03:17.276000','GS25','123-456-7890',9),(36,23700,'12345678',50,1,'02','음식점','2023-08-24 18:03:17.267000','롯데리아','456-789-0123',9),(37,24600,'12345678',49,1,'01','기타','2023-08-24 12:03:17.257000','쿠팡','210-543-8769',9),(38,49200,'12345678',48,1,'01','기타','2023-08-23 22:03:17.247000','G마켓','987-012-3456',9),(39,40700,'12345678',47,1,'01','카페','2023-08-23 13:03:17.237000','투썸플레이스','109-876-5432',9),(40,33800,'12345678',42,1,'01','음식점','2023-08-21 22:03:17.186000','홍루이젠','789-012-3456',9),(41,46400,'12345678',38,1,'02','카페','2023-08-20 20:03:17.146000','엔젤리너스','876-210-5430',9),(42,41800,'12345678',35,1,'01','편의점','2023-08-19 07:03:17.116000','GS25','123-456-7890',9),(43,46800,'12345678',29,1,'02','음식점','2023-08-17 00:03:17.055000','황솔촌','654-987-0123',9),(44,27200,'12345678',26,1,'02','기타','2023-08-15 17:03:17.025000','무신사','543-876-2109',9),(45,37900,'12345678',25,1,'02','기타','2023-08-15 08:03:17.015000','쿠팡','210-543-8769',9),(46,45700,'12345678',22,1,'02','병원','2023-08-14 22:03:16.986000','상계백병원','321-654-9870',9),(47,20900,'12345678',20,1,'02','카페','2023-08-14 05:03:16.966000','투썸플레이스','109-876-5432',9),(48,15000,'12345678',13,1,'01','음식점','2023-08-10 10:03:16.896000','롯데리아','456-789-0123',9),(49,1300,'12345678',6,1,'02','병원','2023-08-08 18:03:16.824000','상계백병원','321-654-9870',9),(50,20400,'12345678',194,2,'02','편의점','2023-10-04 13:03:18.687000','GS25','123-456-7890',9),(51,32200,'12345678',193,2,'02','편의점','2023-10-04 03:03:18.677000','GS25','123-456-7890',9),(52,1600,'12345678',191,2,'02','음식점','2023-10-03 11:03:18.657000','홍루이젠','789-012-3456',9),(53,38900,'12345678',189,2,'02','편의점','2023-10-02 23:03:18.638000','GS25','123-456-7890',9),(54,45800,'12345678',186,2,'02','음식점','2023-10-02 01:03:18.609000','홍루이젠','789-012-3456',9),(55,22700,'12345678',178,2,'01','기타','2023-09-30 22:03:18.531000','G마켓','987-012-3456',9),(56,13800,'12345678',177,2,'02','카페','2023-09-30 11:03:18.521000','엔젤리너스','876-210-5430',9),(57,48400,'12345678',171,2,'02','음식점','2023-09-28 00:03:18.463000','황솔촌','654-987-0123',9),(58,22800,'12345678',170,2,'01','카페','2023-09-27 20:03:18.453000','투썸플레이스','109-876-5432',9),(59,28900,'12345678',167,2,'02','기타','2023-09-26 22:03:18.424000','G마켓','987-012-3456',9),(60,18600,'12345678',164,2,'01','기타','2023-09-26 13:03:18.394000','G마켓','987-012-3456',9),(61,16800,'12345678',156,2,'01','카페','2023-09-23 16:03:18.316000','투썸플레이스','109-876-5432',9),(62,9600,'12345678',155,2,'01','음식점','2023-09-23 07:03:18.306000','홍루이젠','789-012-3456',9),(63,48500,'12345678',154,2,'02','음식점','2023-09-23 06:03:18.297000','롯데리아','456-789-0123',9),(64,22100,'12345678',146,2,'01','병원','2023-09-21 18:03:18.219000','상계백병원','321-654-9870',9),(65,25300,'12345678',141,2,'02','음식점','2023-09-21 00:03:18.170000','황솔촌','654-987-0123',9),(66,45000,'12345678',138,2,'01','편의점','2023-09-19 19:03:18.141000','GS25','123-456-7890',9),(67,6100,'12345678',136,2,'02','카페','2023-09-19 08:03:18.121000','엔젤리너스','876-210-5430',9),(68,36500,'12345678',128,2,'01','기타','2023-09-17 22:03:18.041000','무신사','543-876-2109',9),(69,38200,'12345678',124,2,'02','기타','2023-09-16 00:03:18.001000','쿠팡','210-543-8769',9),(70,8800,'12345678',123,2,'02','기타','2023-09-15 23:03:17.991000','무신사','543-876-2109',9),(71,47800,'12345678',121,2,'01','기타','2023-09-15 21:03:17.972000','쿠팡','210-543-8769',9),(72,28900,'12345678',120,2,'01','편의점','2023-09-15 14:03:17.962000','GS25','123-456-7890',9),(73,48300,'12345678',115,2,'01','기타','2023-09-13 13:03:17.912000','G마켓','987-012-3456',9),(74,26600,'12345678',109,2,'01','음식점','2023-09-12 13:03:17.853000','황솔촌','654-987-0123',9),(75,46700,'12345678',106,2,'01','음식점','2023-09-11 22:03:17.823000','롯데리아','456-789-0123',9),(76,16600,'12345678',103,2,'02','카페','2023-09-10 23:03:17.794000','투썸플레이스','109-876-5432',9),(77,48600,'12345678',102,2,'02','편의점','2023-09-10 12:03:17.784000','GS25','123-456-7890',9),(78,24800,'12345678',100,2,'01','음식점','2023-09-10 00:03:17.765000','홍루이젠','789-012-3456',9),(79,48700,'12345678',98,2,'01','기타','2023-09-09 11:03:17.745000','G마켓','987-012-3456',9),(80,44200,'12345678',97,2,'02','음식점','2023-09-09 08:03:17.735000','홍루이젠','789-012-3456',9),(81,8800,'12345678',90,2,'02','음식점','2023-09-08 04:03:17.665000','롯데리아','456-789-0123',9),(82,47800,'12345678',88,2,'01','카페','2023-09-07 20:03:17.645000','엔젤리너스','876-210-5430',9),(83,3200,'12345678',86,2,'02','편의점','2023-09-07 11:03:17.626000','GS25','123-456-7890',9),(84,33500,'12345678',84,2,'02','병원','2023-09-07 00:03:17.606000','상계백병원','321-654-9870',9),(85,8400,'12345678',83,2,'02','기타','2023-09-06 05:03:17.596000','무신사','543-876-2109',9),(86,13000,'12345678',82,2,'02','기타','2023-09-06 00:03:17.587000','G마켓','987-012-3456',9),(87,4900,'12345678',79,2,'01','음식점','2023-09-04 15:03:17.557000','황솔촌','654-987-0123',9),(88,40300,'12345678',77,2,'02','카페','2023-09-03 06:03:17.532000','투썸플레이스','109-876-5432',9),(89,46800,'12345678',72,2,'02','기타','2023-08-31 21:03:17.484000','무신사','543-876-2109',9),(90,40200,'12345678',66,2,'02','음식점','2023-08-29 13:03:17.425000','롯데리아','456-789-0123',9),(91,22400,'12345678',65,2,'02','기타','2023-08-29 12:03:17.415000','무신사','543-876-2109',9),(92,38200,'12345678',53,2,'02','기타','2023-08-25 07:03:17.296000','무신사','543-876-2109',9),(93,37900,'12345678',52,2,'02','카페','2023-08-25 05:03:17.286000','투썸플레이스','109-876-5432',9),(94,28100,'12345678',46,2,'02','기타','2023-08-23 12:03:17.227000','G마켓','987-012-3456',9),(95,4500,'12345678',45,2,'02','기타','2023-08-23 03:03:17.217000','무신사','543-876-2109',9),(96,19400,'12345678',44,2,'02','카페','2023-08-22 14:03:17.207000','엔젤리너스','876-210-5430',9),(97,45400,'12345678',32,2,'02','편의점','2023-08-18 03:03:17.085000','GS25','123-456-7890',9),(98,19600,'12345678',30,2,'02','기타','2023-08-17 12:03:17.066000','G마켓','987-012-3456',9),(99,43900,'12345678',24,2,'01','음식점','2023-08-15 06:03:17.005000','롯데리아','456-789-0123',9),(100,48300,'12345678',17,2,'02','카페','2023-08-12 17:03:16.936000','엔젤리너스','876-210-5430',9),(101,33500,'12345678',16,2,'01','기타','2023-08-12 05:03:16.926000','G마켓','987-012-3456',9),(102,27400,'12345678',15,2,'01','병원','2023-08-11 17:03:16.915000','상계백병원','321-654-9870',9),(103,14500,'12345678',12,2,'01','카페','2023-08-10 05:03:16.886000','엔젤리너스','876-210-5430',9),(104,49100,'12345678',11,2,'02','병원','2023-08-10 00:03:16.876000','상계백병원','321-654-9870',9),(105,46200,'12345678',10,2,'02','음식점','2023-08-09 22:03:16.865000','홍루이젠','789-012-3456',9),(106,49400,'12345678',9,2,'02','음식점','2023-08-09 11:03:16.855000','황솔촌','654-987-0123',9),(107,46900,'12345678',200,3,'02','음식점','2023-10-05 13:03:18.745000','황솔촌','654-987-0123',9),(108,27600,'12345678',199,3,'02','음식점','2023-10-05 08:03:18.735000','롯데리아','456-789-0123',9),(109,48600,'12345678',197,3,'01','병원','2023-10-04 19:03:18.716000','상계백병원','321-654-9870',9),(110,1900,'12345678',195,3,'02','병원','2023-10-04 15:03:18.696000','상계백병원','321-654-9870',9),(111,26800,'12345678',192,3,'02','편의점','2023-10-03 17:03:18.667000','GS25','123-456-7890',9),(112,23300,'12345678',188,3,'02','음식점','2023-10-02 16:03:18.629000','홍루이젠','789-012-3456',9),(113,42000,'12345678',187,3,'01','기타','2023-10-02 15:03:18.619000','무신사','543-876-2109',9),(114,32600,'12345678',184,3,'02','카페','2023-10-01 17:03:18.590000','엔젤리너스','876-210-5430',9),(115,28900,'12345678',182,3,'01','기타','2023-10-01 09:03:18.570000','쿠팡','210-543-8769',9),(116,19800,'12345678',176,3,'01','음식점','2023-09-30 01:03:18.511000','롯데리아','456-789-0123',9),(117,18800,'12345678',175,3,'01','병원','2023-09-30 00:03:18.502000','상계백병원','321-654-9870',9),(118,48500,'12345678',172,3,'02','기타','2023-09-28 07:03:18.472000','무신사','543-876-2109',9),(119,1600,'12345678',165,3,'01','음식점','2023-09-26 17:03:18.404000','롯데리아','456-789-0123',9),(120,31200,'12345678',162,3,'01','편의점','2023-09-25 17:03:18.375000','GS25','123-456-7890',9),(121,37700,'12345678',159,3,'01','편의점','2023-09-24 01:03:18.345000','GS25','123-456-7890',9),(122,8700,'12345678',158,3,'01','기타','2023-09-24 00:03:18.336000','쿠팡','210-543-8769',9),(123,5700,'12345678',153,3,'02','기타','2023-09-22 23:03:18.287000','쿠팡','210-543-8769',9),(124,3100,'12345678',151,3,'01','기타','2023-09-22 18:03:18.268000','G마켓','987-012-3456',9),(125,25100,'12345678',139,3,'01','카페','2023-09-20 05:03:18.151000','엔젤리너스','876-210-5430',9),(126,23900,'12345678',126,3,'02','기타','2023-09-16 18:03:18.021000','무신사','543-876-2109',9),(127,37100,'12345678',125,3,'02','음식점','2023-09-16 03:03:18.011000','롯데리아','456-789-0123',9),(128,34500,'12345678',116,3,'02','기타','2023-09-13 15:03:17.922000','무신사','543-876-2109',9),(129,18400,'12345678',113,3,'02','음식점','2023-09-13 11:03:17.892000','롯데리아','456-789-0123',9),(130,35600,'12345678',108,3,'01','음식점','2023-09-12 06:03:17.844000','홍루이젠','789-012-3456',9),(131,19800,'12345678',107,3,'02','기타','2023-09-12 05:03:17.833000','G마켓','987-012-3456',9),(132,19600,'12345678',104,3,'02','기타','2023-09-11 04:03:17.804000','쿠팡','210-543-8769',9),(133,42800,'12345678',101,3,'02','기타','2023-09-10 09:03:17.775000','무신사','543-876-2109',9),(134,21600,'12345678',94,3,'01','기타','2023-09-08 18:03:17.706000','무신사','543-876-2109',9),(135,42700,'12345678',89,3,'01','기타','2023-09-08 02:03:17.655000','무신사','543-876-2109',9),(136,44700,'12345678',87,3,'01','기타','2023-09-07 12:03:17.635000','쿠팡','210-543-8769',9),(137,33300,'12345678',81,3,'02','음식점','2023-09-05 11:03:17.577000','황솔촌','654-987-0123',9),(138,21900,'12345678',78,3,'01','음식점','2023-09-03 07:03:17.547000','황솔촌','654-987-0123',9),(139,48700,'12345678',76,3,'02','카페','2023-09-03 02:03:17.523000','투썸플레이스','109-876-5432',9),(140,21200,'12345678',74,3,'02','음식점','2023-09-01 22:03:17.503000','황솔촌','654-987-0123',9),(141,21700,'12345678',67,3,'01','기타','2023-08-29 15:03:17.435000','쿠팡','210-543-8769',9),(142,23300,'12345678',63,3,'02','기타','2023-08-28 19:03:17.395000','쿠팡','210-543-8769',9),(143,36300,'12345678',61,3,'01','카페','2023-08-28 02:03:17.376000','엔젤리너스','876-210-5430',9),(144,22300,'12345678',57,3,'01','음식점','2023-08-27 12:03:17.336000','홍루이젠','789-012-3456',9),(145,27500,'12345678',41,3,'01','편의점','2023-08-21 18:03:17.176000','GS25','123-456-7890',9),(146,36000,'12345678',40,3,'01','기타','2023-08-21 13:03:17.166000','G마켓','987-012-3456',9),(147,10000,'12345678',39,3,'02','음식점','2023-08-20 22:03:17.156000','롯데리아','456-789-0123',9),(148,30200,'12345678',34,3,'01','카페','2023-08-19 01:03:17.105000','엔젤리너스','876-210-5430',9),(149,13900,'12345678',33,3,'02','카페','2023-08-18 07:03:17.095000','엔젤리너스','876-210-5430',9),(150,23200,'12345678',28,3,'02','음식점','2023-08-16 08:03:17.045000','황솔촌','654-987-0123',9),(151,47400,'12345678',23,3,'02','병원','2023-08-15 02:03:16.996000','상계백병원','321-654-9870',9),(152,21500,'12345678',21,3,'01','음식점','2023-08-14 06:03:16.976000','롯데리아','456-789-0123',9),(153,33100,'12345678',18,3,'02','병원','2023-08-13 12:03:16.946000','상계백병원','321-654-9870',9),(154,29000,'12345678',14,3,'01','기타','2023-08-11 00:03:16.905000','G마켓','987-012-3456',9),(155,36100,'12345678',8,3,'01','음식점','2023-08-09 10:03:16.845000','황솔촌','654-987-0123',9),(156,1300,'12345678',4,3,'01','병원','2023-08-07 16:03:16.803000','상계백병원','321-654-9870',9),(157,18000,'12345678',196,4,'02','카페','2023-10-04 16:03:18.706000','엔젤리너스','876-210-5430',9),(158,13600,'12345678',190,4,'01','음식점','2023-10-03 03:03:18.648000','롯데리아','456-789-0123',9),(159,12800,'12345678',181,4,'01','카페','2023-10-01 07:03:18.560000','투썸플레이스','109-876-5432',9),(160,30600,'12345678',180,4,'01','음식점','2023-10-01 06:03:18.551000','황솔촌','654-987-0123',9),(161,42600,'12345678',174,4,'01','편의점','2023-09-28 09:03:18.492000','GS25','123-456-7890',9),(162,16200,'12345678',169,4,'02','음식점','2023-09-27 02:03:18.443000','황솔촌','654-987-0123',9),(163,40000,'12345678',160,4,'02','음식점','2023-09-24 05:03:18.355000','롯데리아','456-789-0123',9),(164,45000,'12345678',157,4,'02','카페','2023-09-23 23:03:18.326000','투썸플레이스','109-876-5432',9),(165,27300,'12345678',152,4,'01','음식점','2023-09-22 21:03:18.277000','황솔촌','654-987-0123',9),(166,39200,'12345678',149,4,'02','카페','2023-09-22 10:03:18.248000','엔젤리너스','876-210-5430',9),(167,47800,'12345678',147,4,'01','기타','2023-09-21 19:03:18.229000','G마켓','987-012-3456',9),(168,43700,'12345678',145,4,'02','편의점','2023-09-21 13:03:18.209000','GS25','123-456-7890',9),(169,1100,'12345678',143,4,'02','음식점','2023-09-21 11:03:18.190000','황솔촌','654-987-0123',9),(170,44700,'12345678',142,4,'01','카페','2023-09-21 01:03:18.180000','엔젤리너스','876-210-5430',9),(171,3000,'12345678',140,4,'02','카페','2023-09-20 14:03:18.160000','투썸플레이스','109-876-5432',9),(172,1400,'12345678',134,4,'01','음식점','2023-09-18 19:03:18.102000','홍루이젠','789-012-3456',9),(173,39100,'12345678',132,4,'02','카페','2023-09-18 13:03:18.082000','투썸플레이스','109-876-5432',9),(174,46600,'12345678',131,4,'01','기타','2023-09-18 12:03:18.072000','쿠팡','210-543-8769',9),(175,2400,'12345678',127,4,'02','기타','2023-09-17 15:03:18.031000','무신사','543-876-2109',9),(176,48800,'12345678',122,4,'02','음식점','2023-09-15 22:03:17.982000','황솔촌','654-987-0123',9),(177,10100,'12345678',119,4,'02','카페','2023-09-15 11:03:17.952000','투썸플레이스','109-876-5432',9),(178,17000,'12345678',117,4,'02','음식점','2023-09-13 21:03:17.932000','홍루이젠','789-012-3456',9),(179,22700,'12345678',110,4,'02','병원','2023-09-12 15:03:17.863000','상계백병원','321-654-9870',9),(180,19500,'12345678',93,4,'01','카페','2023-09-08 15:03:17.694000','투썸플레이스','109-876-5432',9),(181,40600,'12345678',75,4,'01','카페','2023-09-02 22:03:17.513000','엔젤리너스','876-210-5430',9),(182,17100,'12345678',73,4,'02','기타','2023-09-01 07:03:17.493000','무신사','543-876-2109',9),(183,21000,'12345678',71,4,'02','음식점','2023-08-30 15:03:17.474000','홍루이젠','789-012-3456',9),(184,37600,'12345678',70,4,'01','카페','2023-08-30 12:03:17.464000','엔젤리너스','876-210-5430',9),(185,38200,'12345678',68,4,'01','병원','2023-08-30 04:03:17.445000','상계백병원','321-654-9870',9),(186,35900,'12345678',64,4,'02','기타','2023-08-29 00:03:17.405000','무신사','543-876-2109',9),(187,16300,'12345678',59,4,'02','편의점','2023-08-27 21:03:17.356000','GS25','123-456-7890',9),(188,41100,'12345678',56,4,'02','기타','2023-08-27 07:03:17.326000','무신사','543-876-2109',9),(189,10500,'12345678',55,4,'02','기타','2023-08-27 02:03:17.316000','무신사','543-876-2109',9),(190,44300,'12345678',43,4,'01','음식점','2023-08-22 09:03:17.196000','롯데리아','456-789-0123',9),(191,48000,'12345678',37,4,'01','음식점','2023-08-20 08:03:17.136000','황솔촌','654-987-0123',9),(192,14200,'12345678',36,4,'01','병원','2023-08-20 06:03:17.126000','상계백병원','321-654-9870',9),(193,10200,'12345678',31,4,'02','병원','2023-08-18 01:03:17.076000','상계백병원','321-654-9870',9),(194,22600,'12345678',27,4,'02','음식점','2023-08-15 20:03:17.035000','홍루이젠','789-012-3456',9),(195,8900,'12345678',19,4,'02','카페','2023-08-13 21:03:16.956000','투썸플레이스','109-876-5432',9),(196,5300,'12345678',7,4,'01','음식점','2023-08-08 20:03:16.835000','홍루이젠','789-012-3456',9),(197,33500,'12345678',429,5,'01','기타','2023-10-05 11:04:22.031000','쿠팡','210-543-8769',3),(198,11500,'12345678',428,5,'01','카페','2023-10-05 05:04:22.022000','엔젤리너스','876-210-5430',3),(199,1700,'12345678',427,5,'02','음식점','2023-10-04 20:04:22.012000','황솔촌','654-987-0123',3),(200,10200,'12345678',425,5,'02','카페','2023-10-04 12:04:21.993000','엔젤리너스','876-210-5430',3),(201,7700,'12345678',419,5,'02','카페','2023-10-03 11:04:21.935000','투썸플레이스','109-876-5432',3),(202,38200,'12345678',417,5,'01','음식점','2023-10-02 22:04:21.916000','롯데리아','456-789-0123',3),(203,26800,'12345678',415,5,'02','병원','2023-10-02 19:04:21.897000','상계백병원','321-654-9870',3),(204,3600,'12345678',412,5,'02','병원','2023-10-01 21:04:21.868000','상계백병원','321-654-9870',3),(205,11700,'12345678',411,5,'01','기타','2023-10-01 18:04:21.858000','무신사','543-876-2109',3),(206,37000,'12345678',409,5,'01','카페','2023-10-01 08:04:21.839000','엔젤리너스','876-210-5430',3),(207,26300,'12345678',406,5,'02','음식점','2023-09-30 18:04:21.810000','홍루이젠','789-012-3456',3),(208,37800,'12345678',404,5,'02','기타','2023-09-30 06:04:21.791000','무신사','543-876-2109',3),(209,5500,'12345678',401,5,'01','기타','2023-09-28 22:04:21.762000','G마켓','987-012-3456',3),(210,43800,'12345678',395,5,'02','카페','2023-09-27 02:04:21.705000','투썸플레이스','109-876-5432',3),(211,3700,'12345678',393,5,'01','기타','2023-09-26 20:04:21.686000','쿠팡','210-543-8769',3),(212,11100,'12345678',390,5,'02','기타','2023-09-26 10:04:21.657000','G마켓','987-012-3456',3),(213,47800,'12345678',389,5,'02','기타','2023-09-25 17:04:21.647000','무신사','543-876-2109',3),(214,1400,'12345678',387,5,'01','기타','2023-09-25 13:04:21.628000','G마켓','987-012-3456',3),(215,34100,'12345678',382,5,'02','음식점','2023-09-24 01:04:21.579000','롯데리아','456-789-0123',3),(216,14300,'12345678',381,5,'02','기타','2023-09-24 00:04:21.570000','무신사','543-876-2109',3),(217,38600,'12345678',380,5,'02','음식점','2023-09-23 23:04:21.560000','홍루이젠','789-012-3456',3),(218,39700,'12345678',379,5,'02','음식점','2023-09-23 12:04:21.550000','황솔촌','654-987-0123',3),(219,42200,'12345678',371,5,'02','편의점','2023-09-21 13:04:21.473000','GS25','123-456-7890',3),(220,30800,'12345678',366,5,'01','병원','2023-09-20 06:04:21.425000','상계백병원','321-654-9870',3),(221,2900,'12345678',364,5,'01','음식점','2023-09-19 21:04:21.405000','홍루이젠','789-012-3456',3),(222,39800,'12345678',359,5,'01','기타','2023-09-18 13:04:21.356000','무신사','543-876-2109',3),(223,49700,'12345678',357,5,'02','카페','2023-09-18 07:04:21.337000','투썸플레이스','109-876-5432',3),(224,41800,'12345678',352,5,'01','카페','2023-09-17 11:04:21.288000','엔젤리너스','876-210-5430',3),(225,12100,'12345678',343,5,'01','카페','2023-09-15 15:04:21.201000','엔젤리너스','876-210-5430',3),(226,35700,'12345678',342,5,'01','기타','2023-09-15 13:04:21.191000','무신사','543-876-2109',3),(227,25900,'12345678',337,5,'02','카페','2023-09-14 02:04:21.143000','투썸플레이스','109-876-5432',3),(228,6600,'12345678',334,5,'02','기타','2023-09-13 18:04:21.114000','무신사','543-876-2109',3),(229,35200,'12345678',322,5,'02','기타','2023-09-08 18:04:20.998000','쿠팡','210-543-8769',3),(230,38100,'12345678',319,5,'02','음식점','2023-09-07 19:04:20.969000','홍루이젠','789-012-3456',3),(231,33800,'12345678',317,5,'02','음식점','2023-09-07 13:04:20.950000','홍루이젠','789-012-3456',3),(232,2700,'12345678',315,5,'02','카페','2023-09-07 03:04:20.931000','엔젤리너스','876-210-5430',3),(233,36300,'12345678',307,5,'02','음식점','2023-09-05 05:04:20.854000','황솔촌','654-987-0123',3),(234,30000,'12345678',304,5,'02','카페','2023-09-04 16:04:20.825000','투썸플레이스','109-876-5432',3),(235,29200,'12345678',301,5,'02','편의점','2023-09-03 16:04:20.797000','GS25','123-456-7890',3),(236,11000,'12345678',293,5,'02','병원','2023-09-02 07:04:20.720000','상계백병원','321-654-9870',3),(237,36900,'12345678',288,5,'01','기타','2023-09-01 11:04:20.672000','G마켓','987-012-3456',3),(238,36800,'12345678',287,5,'01','기타','2023-09-01 03:04:20.663000','쿠팡','210-543-8769',3),(239,9900,'12345678',281,5,'02','카페','2023-08-30 07:04:20.606000','투썸플레이스','109-876-5432',3),(240,28100,'12345678',278,5,'02','카페','2023-08-30 02:04:20.577000','투썸플레이스','109-876-5432',3),(241,9000,'12345678',276,5,'01','음식점','2023-08-29 15:04:20.558000','홍루이젠','789-012-3456',3),(242,21900,'12345678',271,5,'01','음식점','2023-08-27 08:04:20.509000','홍루이젠','789-012-3456',3),(243,28900,'12345678',254,5,'01','편의점','2023-08-21 16:04:20.342000','GS25','123-456-7890',3),(244,38900,'12345678',253,5,'01','기타','2023-08-21 13:04:20.332000','G마켓','987-012-3456',3),(245,29700,'12345678',251,5,'01','음식점','2023-08-20 17:04:20.312000','홍루이젠','789-012-3456',3),(246,31500,'12345678',240,5,'01','카페','2023-08-16 03:04:20.204000','투썸플레이스','109-876-5432',3),(247,5200,'12345678',233,5,'01','음식점','2023-08-14 23:04:20.135000','황솔촌','654-987-0123',3),(248,39400,'12345678',227,5,'01','편의점','2023-08-14 04:04:20.076000','GS25','123-456-7890',3),(249,8800,'12345678',221,5,'01','기타','2023-08-12 08:04:20.015000','무신사','543-876-2109',3),(250,27400,'12345678',217,5,'02','카페','2023-08-11 11:04:19.976000','투썸플레이스','109-876-5432',3),(251,23800,'12345678',216,5,'01','음식점','2023-08-11 08:04:19.966000','롯데리아','456-789-0123',3),(252,6500,'12345678',213,5,'02','기타','2023-08-10 21:04:19.937000','쿠팡','210-543-8769',3),(253,34600,'12345678',426,6,'02','기타','2023-10-04 17:04:22.002000','쿠팡','210-543-8769',3),(254,41500,'12345678',416,6,'01','음식점','2023-10-02 21:04:21.907000','황솔촌','654-987-0123',3),(255,40000,'12345678',396,6,'01','편의점','2023-09-27 07:04:21.715000','GS25','123-456-7890',3),(256,25000,'12345678',375,6,'02','기타','2023-09-22 08:04:21.511000','무신사','543-876-2109',3),(257,39800,'12345678',374,6,'01','카페','2023-09-22 04:04:21.502000','투썸플레이스','109-876-5432',3),(258,45400,'12345678',373,6,'01','기타','2023-09-21 19:04:21.492000','G마켓','987-012-3456',3),(259,9200,'12345678',372,6,'01','카페','2023-09-21 14:04:21.483000','투썸플레이스','109-876-5432',3),(260,42400,'12345678',367,6,'01','카페','2023-09-20 09:04:21.434000','투썸플레이스','109-876-5432',3),(261,37100,'12345678',363,6,'02','병원','2023-09-19 14:04:21.395000','상계백병원','321-654-9870',3),(262,1800,'12345678',361,6,'02','음식점','2023-09-19 04:04:21.376000','홍루이젠','789-012-3456',3),(263,2600,'12345678',358,6,'01','카페','2023-09-18 08:04:21.346000','엔젤리너스','876-210-5430',3),(264,16500,'12345678',346,6,'02','기타','2023-09-16 14:04:21.230000','G마켓','987-012-3456',3),(265,10200,'12345678',345,6,'01','카페','2023-09-16 12:04:21.220000','투썸플레이스','109-876-5432',3),(266,34700,'12345678',344,6,'02','기타','2023-09-16 08:04:21.210000','G마켓','987-012-3456',3),(267,16900,'12345678',335,6,'01','카페','2023-09-14 00:04:21.124000','투썸플레이스','109-876-5432',3),(268,20400,'12345678',328,6,'01','카페','2023-09-11 18:04:21.056000','엔젤리너스','876-210-5430',3),(269,46500,'12345678',327,6,'02','카페','2023-09-11 17:04:21.046000','엔젤리너스','876-210-5430',3),(270,32400,'12345678',324,6,'01','음식점','2023-09-09 05:04:21.017000','황솔촌','654-987-0123',3),(271,31800,'12345678',321,6,'01','편의점','2023-09-08 12:04:20.988000','GS25','123-456-7890',3),(272,2700,'12345678',318,6,'01','병원','2023-09-07 16:04:20.960000','상계백병원','321-654-9870',3),(273,36800,'12345678',313,6,'01','음식점','2023-09-06 20:04:20.912000','롯데리아','456-789-0123',3),(274,7800,'12345678',308,6,'01','카페','2023-09-05 10:04:20.864000','투썸플레이스','109-876-5432',3),(275,45500,'12345678',303,6,'01','음식점','2023-09-04 14:04:20.816000','황솔촌','654-987-0123',3),(276,22600,'12345678',299,6,'01','편의점','2023-09-03 11:04:20.778000','GS25','123-456-7890',3),(277,21600,'12345678',298,6,'02','기타','2023-09-03 10:04:20.768000','쿠팡','210-543-8769',3),(278,40800,'12345678',296,6,'01','기타','2023-09-02 18:04:20.749000','쿠팡','210-543-8769',3),(279,42700,'12345678',294,6,'01','편의점','2023-09-02 13:04:20.730000','GS25','123-456-7890',3),(280,16600,'12345678',286,6,'02','기타','2023-08-31 18:04:20.653000','쿠팡','210-543-8769',3),(281,44200,'12345678',283,6,'01','음식점','2023-08-31 04:04:20.625000','롯데리아','456-789-0123',3),(282,42100,'12345678',280,6,'01','편의점','2023-08-30 06:04:20.596000','GS25','123-456-7890',3),(283,5600,'12345678',272,6,'01','기타','2023-08-28 06:04:20.519000','무신사','543-876-2109',3),(284,19900,'12345678',266,6,'01','카페','2023-08-25 17:04:20.460000','투썸플레이스','109-876-5432',3),(285,29100,'12345678',263,6,'01','기타','2023-08-24 09:04:20.431000','무신사','543-876-2109',3),(286,9300,'12345678',261,6,'01','카페','2023-08-23 10:04:20.412000','엔젤리너스','876-210-5430',3),(287,42000,'12345678',257,6,'01','음식점','2023-08-22 13:04:20.372000','홍루이젠','789-012-3456',3),(288,17600,'12345678',256,6,'02','병원','2023-08-22 12:04:20.362000','상계백병원','321-654-9870',3),(289,16300,'12345678',252,6,'01','카페','2023-08-21 10:04:20.322000','투썸플레이스','109-876-5432',3),(290,13700,'12345678',250,6,'02','음식점','2023-08-20 13:04:20.303000','롯데리아','456-789-0123',3),(291,41800,'12345678',249,6,'01','기타','2023-08-20 10:04:20.293000','G마켓','987-012-3456',3),(292,27600,'12345678',248,6,'02','카페','2023-08-20 01:04:20.283000','투썸플레이스','109-876-5432',3),(293,17700,'12345678',247,6,'01','기타','2023-08-19 16:04:20.274000','쿠팡','210-543-8769',3),(294,16800,'12345678',245,6,'01','음식점','2023-08-18 00:04:20.254000','홍루이젠','789-012-3456',3),(295,23700,'12345678',244,6,'02','편의점','2023-08-17 20:04:20.244000','GS25','123-456-7890',3),(296,32300,'12345678',238,6,'02','음식점','2023-08-15 18:04:20.185000','롯데리아','456-789-0123',3),(297,41200,'12345678',231,6,'01','음식점','2023-08-14 16:04:20.115000','황솔촌','654-987-0123',3),(298,30600,'12345678',229,6,'01','카페','2023-08-14 10:04:20.095000','엔젤리너스','876-210-5430',3),(299,10400,'12345678',222,6,'02','음식점','2023-08-12 15:04:20.025000','롯데리아','456-789-0123',3),(300,46500,'12345678',215,6,'01','음식점','2023-08-11 06:04:19.956000','홍루이젠','789-012-3456',3),(301,39600,'12345678',210,6,'01','음식점','2023-08-09 13:04:19.908000','황솔촌','654-987-0123',3),(302,27300,'12345678',207,6,'01','음식점','2023-08-08 05:04:19.878000','롯데리아','456-789-0123',3),(303,42500,'12345678',206,6,'01','음식점','2023-08-08 04:04:19.868000','홍루이젠','789-012-3456',3),(304,30800,'12345678',204,6,'01','음식점','2023-08-07 15:04:19.849000','롯데리아','456-789-0123',3),(305,28300,'12345678',203,6,'02','음식점','2023-08-07 14:04:19.839000','롯데리아','456-789-0123',3),(306,7700,'12345678',424,7,'02','기타','2023-10-04 07:04:21.983000','쿠팡','210-543-8769',3),(307,18900,'12345678',420,7,'02','기타','2023-10-03 12:04:21.945000','쿠팡','210-543-8769',3),(308,44200,'12345678',413,7,'01','음식점','2023-10-02 04:04:21.878000','황솔촌','654-987-0123',3),(309,13800,'12345678',410,7,'02','음식점','2023-10-01 15:04:21.849000','홍루이젠','789-012-3456',3),(310,36100,'12345678',405,7,'02','카페','2023-09-30 12:04:21.800000','투썸플레이스','109-876-5432',3),(311,1200,'12345678',403,7,'02','음식점','2023-09-29 08:04:21.781000','롯데리아','456-789-0123',3),(312,41800,'12345678',402,7,'01','편의점','2023-09-29 07:04:21.772000','GS25','123-456-7890',3),(313,6600,'12345678',400,7,'02','기타','2023-09-28 20:04:21.753000','무신사','543-876-2109',3),(314,43500,'12345678',388,7,'01','카페','2023-09-25 16:04:21.638000','투썸플레이스','109-876-5432',3),(315,5400,'12345678',386,7,'02','음식점','2023-09-25 12:04:21.618000','홍루이젠','789-012-3456',3),(316,41200,'12345678',385,7,'02','음식점','2023-09-25 02:04:21.608000','홍루이젠','789-012-3456',3),(317,20700,'12345678',383,7,'01','편의점','2023-09-24 05:04:21.589000','GS25','123-456-7890',3),(318,25900,'12345678',378,7,'02','편의점','2023-09-23 04:04:21.540000','GS25','123-456-7890',3),(319,24900,'12345678',377,7,'02','편의점','2023-09-22 18:04:21.531000','GS25','123-456-7890',3),(320,33900,'12345678',368,7,'01','기타','2023-09-20 20:04:21.444000','무신사','543-876-2109',3),(321,41400,'12345678',360,7,'02','기타','2023-09-18 16:04:21.366000','쿠팡','210-543-8769',3),(322,34100,'12345678',354,7,'01','기타','2023-09-17 16:04:21.307000','무신사','543-876-2109',3),(323,31600,'12345678',353,7,'01','기타','2023-09-17 14:04:21.298000','쿠팡','210-543-8769',3),(324,24000,'12345678',350,7,'02','카페','2023-09-17 07:04:21.269000','투썸플레이스','109-876-5432',3),(325,47800,'12345678',349,7,'01','카페','2023-09-17 03:04:21.259000','투썸플레이스','109-876-5432',3),(326,45000,'12345678',347,7,'02','음식점','2023-09-16 18:04:21.240000','홍루이젠','789-012-3456',3),(327,47200,'12345678',341,7,'01','카페','2023-09-15 10:04:21.181000','투썸플레이스','109-876-5432',3),(328,26200,'12345678',340,7,'02','기타','2023-09-14 21:04:21.172000','G마켓','987-012-3456',3),(329,29400,'12345678',336,7,'01','음식점','2023-09-14 01:04:21.134000','홍루이젠','789-012-3456',3),(330,25400,'12345678',332,7,'01','병원','2023-09-13 03:04:21.095000','상계백병원','321-654-9870',3),(331,36800,'12345678',329,7,'02','음식점','2023-09-12 08:04:21.065000','롯데리아','456-789-0123',3),(332,24600,'12345678',326,7,'02','편의점','2023-09-11 16:04:21.036000','GS25','123-456-7890',3),(333,46600,'12345678',323,7,'02','카페','2023-09-09 02:04:21.007000','투썸플레이스','109-876-5432',3),(334,47900,'12345678',320,7,'01','편의점','2023-09-07 23:04:20.979000','GS25','123-456-7890',3),(335,43500,'12345678',314,7,'02','음식점','2023-09-06 21:04:20.921000','황솔촌','654-987-0123',3),(336,47900,'12345678',311,7,'01','기타','2023-09-06 06:04:20.893000','G마켓','987-012-3456',3),(337,28900,'12345678',310,7,'02','기타','2023-09-06 05:04:20.883000','무신사','543-876-2109',3),(338,27100,'12345678',306,7,'01','음식점','2023-09-05 04:04:20.845000','홍루이젠','789-012-3456',3),(339,11900,'12345678',297,7,'02','기타','2023-09-03 05:04:20.759000','G마켓','987-012-3456',3),(340,39000,'12345678',295,7,'01','편의점','2023-09-02 17:04:20.740000','GS25','123-456-7890',3),(341,7100,'12345678',292,7,'01','음식점','2023-09-02 06:04:20.711000','황솔촌','654-987-0123',3),(342,14200,'12345678',290,7,'01','기타','2023-09-01 23:04:20.691000','무신사','543-876-2109',3),(343,11500,'12345678',282,7,'02','카페','2023-08-30 18:04:20.615000','투썸플레이스','109-876-5432',3),(344,26600,'12345678',269,7,'02','기타','2023-08-26 21:04:20.490000','무신사','543-876-2109',3),(345,24000,'12345678',264,7,'01','기타','2023-08-24 17:04:20.441000','G마켓','987-012-3456',3),(346,44600,'12345678',262,7,'02','음식점','2023-08-24 06:04:20.421000','홍루이젠','789-012-3456',3),(347,8300,'12345678',258,7,'02','기타','2023-08-22 15:04:20.382000','G마켓','987-012-3456',3),(348,10500,'12345678',255,7,'01','음식점','2023-08-22 03:04:20.352000','홍루이젠','789-012-3456',3),(349,18800,'12345678',246,7,'01','병원','2023-08-19 14:04:20.264000','상계백병원','321-654-9870',3),(350,35500,'12345678',242,7,'01','음식점','2023-08-16 16:04:20.224000','황솔촌','654-987-0123',3),(351,36100,'12345678',239,7,'02','기타','2023-08-15 20:04:20.194000','G마켓','987-012-3456',3),(352,33200,'12345678',236,7,'02','음식점','2023-08-15 09:04:20.165000','롯데리아','456-789-0123',3),(353,16800,'12345678',235,7,'01','병원','2023-08-15 08:04:20.155000','상계백병원','321-654-9870',3),(354,16000,'12345678',234,7,'01','음식점','2023-08-15 01:04:20.145000','황솔촌','654-987-0123',3),(355,25900,'12345678',230,7,'02','음식점','2023-08-14 15:04:20.106000','롯데리아','456-789-0123',3),(356,14100,'12345678',228,7,'02','음식점','2023-08-14 06:04:20.085000','롯데리아','456-789-0123',3),(357,30800,'12345678',226,7,'01','편의점','2023-08-14 03:04:20.066000','GS25','123-456-7890',3),(358,46900,'12345678',225,7,'01','음식점','2023-08-13 21:04:20.055000','황솔촌','654-987-0123',3),(359,25600,'12345678',223,7,'02','카페','2023-08-12 20:04:20.035000','엔젤리너스','876-210-5430',3),(360,21300,'12345678',220,7,'02','병원','2023-08-11 20:04:20.005000','상계백병원','321-654-9870',3),(361,48400,'12345678',423,8,'02','기타','2023-10-04 06:04:21.974000','쿠팡','210-543-8769',3),(362,12100,'12345678',422,8,'02','음식점','2023-10-03 19:04:21.964000','황솔촌','654-987-0123',3),(363,13900,'12345678',421,8,'02','기타','2023-10-03 17:04:21.954000','무신사','543-876-2109',3),(364,16300,'12345678',418,8,'02','병원','2023-10-03 06:04:21.926000','상계백병원','321-654-9870',3),(365,24400,'12345678',414,8,'01','카페','2023-10-02 08:04:21.887000','투썸플레이스','109-876-5432',3),(366,45400,'12345678',408,8,'01','음식점','2023-09-30 22:04:21.829000','홍루이젠','789-012-3456',3),(367,12700,'12345678',407,8,'01','음식점','2023-09-30 20:04:21.819000','홍루이젠','789-012-3456',3),(368,16300,'12345678',399,8,'02','카페','2023-09-28 13:04:21.743000','투썸플레이스','109-876-5432',3),(369,20600,'12345678',398,8,'02','기타','2023-09-28 09:04:21.734000','쿠팡','210-543-8769',3),(370,34700,'12345678',397,8,'02','기타','2023-09-28 06:04:21.724000','G마켓','987-012-3456',3),(371,36700,'12345678',394,8,'02','음식점','2023-09-26 21:04:21.695000','황솔촌','654-987-0123',3),(372,1800,'12345678',392,8,'01','기타','2023-09-26 17:04:21.676000','무신사','543-876-2109',3),(373,6500,'12345678',391,8,'02','병원','2023-09-26 11:04:21.667000','상계백병원','321-654-9870',3),(374,20500,'12345678',384,8,'01','기타','2023-09-24 08:04:21.599000','G마켓','987-012-3456',3),(375,14600,'12345678',376,8,'02','기타','2023-09-22 12:04:21.521000','무신사','543-876-2109',3),(376,30300,'12345678',370,8,'02','음식점','2023-09-21 06:04:21.463000','홍루이젠','789-012-3456',3),(377,41200,'12345678',369,8,'01','기타','2023-09-21 02:04:21.454000','쿠팡','210-543-8769',3),(378,26000,'12345678',365,8,'02','음식점','2023-09-20 05:04:21.415000','홍루이젠','789-012-3456',3),(379,27700,'12345678',362,8,'02','음식점','2023-09-19 06:04:21.385000','홍루이젠','789-012-3456',3),(380,45000,'12345678',356,8,'01','기타','2023-09-18 06:04:21.327000','무신사','543-876-2109',3),(381,46200,'12345678',355,8,'01','기타','2023-09-18 04:04:21.317000','G마켓','987-012-3456',3),(382,8400,'12345678',351,8,'01','카페','2023-09-17 09:04:21.278000','엔젤리너스','876-210-5430',3),(383,17700,'12345678',348,8,'02','기타','2023-09-17 02:04:21.249000','무신사','543-876-2109',3),(384,45700,'12345678',339,8,'02','음식점','2023-09-14 17:04:21.162000','황솔촌','654-987-0123',3),(385,16700,'12345678',338,8,'02','음식점','2023-09-14 10:04:21.153000','롯데리아','456-789-0123',3),(386,18100,'12345678',333,8,'02','편의점','2023-09-13 13:04:21.104000','GS25','123-456-7890',3),(387,25400,'12345678',331,8,'01','편의점','2023-09-12 17:04:21.085000','GS25','123-456-7890',3),(388,1300,'12345678',330,8,'02','음식점','2023-09-12 15:04:21.075000','롯데리아','456-789-0123',3),(389,2600,'12345678',325,8,'01','기타','2023-09-09 20:04:21.027000','G마켓','987-012-3456',3),(390,10500,'12345678',316,8,'01','음식점','2023-09-07 11:04:20.940000','홍루이젠','789-012-3456',3),(391,40600,'12345678',312,8,'02','기타','2023-09-06 15:04:20.902000','무신사','543-876-2109',3),(392,32200,'12345678',309,8,'02','기타','2023-09-06 03:04:20.874000','무신사','543-876-2109',3),(393,9100,'12345678',305,8,'01','음식점','2023-09-05 01:04:20.835000','홍루이젠','789-012-3456',3),(394,39400,'12345678',302,8,'02','음식점','2023-09-04 12:04:20.807000','홍루이젠','789-012-3456',3),(395,25200,'12345678',300,8,'01','카페','2023-09-03 15:04:20.787000','투썸플레이스','109-876-5432',3),(396,43500,'12345678',291,8,'01','카페','2023-09-02 05:04:20.701000','투썸플레이스','109-876-5432',3),(397,10400,'12345678',289,8,'02','음식점','2023-09-01 13:04:20.682000','황솔촌','654-987-0123',3),(398,4000,'12345678',285,8,'01','기타','2023-08-31 11:04:20.644000','무신사','543-876-2109',3),(399,5300,'12345678',284,8,'01','기타','2023-08-31 08:04:20.634000','쿠팡','210-543-8769',3),(400,36200,'12345678',279,8,'02','음식점','2023-08-30 05:04:20.587000','홍루이젠','789-012-3456',3),(401,7600,'12345678',277,8,'02','기타','2023-08-29 20:04:20.568000','무신사','543-876-2109',3),(402,22900,'12345678',275,8,'01','카페','2023-08-29 03:04:20.548000','엔젤리너스','876-210-5430',3),(403,32500,'12345678',274,8,'02','카페','2023-08-28 23:04:20.538000','엔젤리너스','876-210-5430',3),(404,4500,'12345678',273,8,'01','음식점','2023-08-28 11:04:20.528000','롯데리아','456-789-0123',3),(405,38500,'12345678',270,8,'02','병원','2023-08-27 00:04:20.499000','상계백병원','321-654-9870',3),(406,30500,'12345678',268,8,'01','편의점','2023-08-26 14:04:20.480000','GS25','123-456-7890',3),(407,49600,'12345678',267,8,'01','기타','2023-08-26 03:04:20.470000','무신사','543-876-2109',3),(408,1900,'12345678',265,8,'01','음식점','2023-08-25 05:04:20.451000','황솔촌','654-987-0123',3),(409,6500,'12345678',260,8,'01','음식점','2023-08-23 03:04:20.402000','홍루이젠','789-012-3456',3),(410,18600,'12345678',259,8,'02','편의점','2023-08-23 00:04:20.392000','GS25','123-456-7890',3),(411,48400,'12345678',243,8,'01','카페','2023-08-16 18:04:20.234000','엔젤리너스','876-210-5430',3),(412,35800,'12345678',241,8,'02','음식점','2023-08-16 05:04:20.214000','황솔촌','654-987-0123',3),(413,26000,'12345678',237,8,'02','음식점','2023-08-15 14:04:20.175000','홍루이젠','789-012-3456',3),(414,9900,'12345678',232,8,'02','편의점','2023-08-14 20:04:20.125000','GS25','123-456-7890',3),(415,21600,'12345678',224,8,'02','카페','2023-08-13 12:04:20.045000','투썸플레이스','109-876-5432',3),(416,49100,'12345678',219,8,'02','음식점','2023-08-11 14:04:19.996000','롯데리아','456-789-0123',3),(417,29600,'12345678',214,8,'02','음식점','2023-08-10 22:04:19.946000','롯데리아','456-789-0123',3),(418,38900,'12345678',212,8,'02','음식점','2023-08-10 04:04:19.927000','롯데리아','456-789-0123',3),(419,20800,'12345678',211,8,'01','음식점','2023-08-09 23:04:19.917000','황솔촌','654-987-0123',3),(420,46800,'12345678',209,8,'01','기타','2023-08-08 18:04:19.898000','쿠팡','210-543-8769',3),(421,31900,'12345678',208,8,'02','음식점','2023-08-08 06:04:19.888000','황솔촌','654-987-0123',3),(422,32900,'12345678',609,9,'01','병원','2023-10-02 01:04:57.172000','상계백병원','321-654-9870',6),(423,28100,'12345678',607,9,'01','기타','2023-10-01 05:04:57.153000','G마켓','987-012-3456',6),(424,10300,'12345678',606,9,'02','카페','2023-10-01 01:04:57.144000','엔젤리너스','876-210-5430',6),(425,28700,'12345678',605,9,'01','편의점','2023-10-01 00:04:57.134000','GS25','123-456-7890',6),(426,41700,'12345678',601,9,'02','병원','2023-09-30 02:04:57.096000','상계백병원','321-654-9870',6),(427,19600,'12345678',597,9,'02','음식점','2023-09-28 23:04:57.059000','홍루이젠','789-012-3456',6),(428,7900,'12345678',591,9,'01','음식점','2023-09-26 21:04:57.003000','황솔촌','654-987-0123',6),(429,22500,'12345678',588,9,'02','기타','2023-09-25 16:04:56.974000','G마켓','987-012-3456',6),(430,49400,'12345678',586,9,'01','기타','2023-09-25 13:04:56.955000','무신사','543-876-2109',6),(431,3200,'12345678',580,9,'01','음식점','2023-09-24 01:04:56.898000','홍루이젠','789-012-3456',6),(432,1800,'12345678',578,9,'02','편의점','2023-09-23 20:04:56.879000','GS25','123-456-7890',6),(433,4900,'12345678',577,9,'02','음식점','2023-09-23 17:04:56.869000','홍루이젠','789-012-3456',6),(434,13000,'12345678',574,9,'01','편의점','2023-09-22 18:04:56.841000','GS25','123-456-7890',6),(435,1700,'12345678',572,9,'02','기타','2023-09-22 08:04:56.821000','쿠팡','210-543-8769',6),(436,36900,'12345678',566,9,'01','기타','2023-09-19 13:04:56.764000','무신사','543-876-2109',6),(437,42600,'12345678',554,9,'02','카페','2023-09-15 16:04:56.651000','엔젤리너스','876-210-5430',6),(438,38700,'12345678',550,9,'01','카페','2023-09-14 09:04:56.613000','투썸플레이스','109-876-5432',6),(439,32100,'12345678',548,9,'02','병원','2023-09-12 02:04:56.594000','상계백병원','321-654-9870',6),(440,29700,'12345678',544,9,'01','기타','2023-09-10 05:04:56.556000','쿠팡','210-543-8769',6),(441,40700,'12345678',542,9,'01','음식점','2023-09-08 13:04:56.537000','홍루이젠','789-012-3456',6),(442,33600,'12345678',536,9,'02','기타','2023-09-06 13:04:56.480000','G마켓','987-012-3456',6),(443,14200,'12345678',532,9,'01','카페','2023-09-05 08:04:56.443000','투썸플레이스','109-876-5432',6),(444,40000,'12345678',527,9,'01','음식점','2023-09-03 13:04:56.394000','황솔촌','654-987-0123',6),(445,42900,'12345678',524,9,'02','기타','2023-09-02 19:04:56.366000','무신사','543-876-2109',6),(446,44100,'12345678',522,9,'01','음식점','2023-09-02 14:04:56.347000','황솔촌','654-987-0123',6),(447,49300,'12345678',520,9,'02','카페','2023-09-02 06:04:56.329000','투썸플레이스','109-876-5432',6),(448,28400,'12345678',515,9,'01','카페','2023-09-01 03:04:56.282000','엔젤리너스','876-210-5430',6),(449,43500,'12345678',511,9,'01','기타','2023-08-31 12:04:56.244000','G마켓','987-012-3456',6),(450,28600,'12345678',510,9,'02','기타','2023-08-31 10:04:56.234000','무신사','543-876-2109',6),(451,35600,'12345678',506,9,'02','기타','2023-08-30 18:04:56.196000','무신사','543-876-2109',6),(452,29400,'12345678',503,9,'01','음식점','2023-08-29 19:04:56.168000','황솔촌','654-987-0123',6),(453,24100,'12345678',493,9,'01','기타','2023-08-27 14:04:56.073000','무신사','543-876-2109',6),(454,32500,'12345678',490,9,'02','기타','2023-08-26 18:04:56.044000','무신사','543-876-2109',6),(455,17600,'12345678',488,9,'02','음식점','2023-08-26 15:04:56.025000','롯데리아','456-789-0123',6),(456,41100,'12345678',487,9,'01','음식점','2023-08-26 14:04:56.016000','황솔촌','654-987-0123',6),(457,6700,'12345678',486,9,'02','기타','2023-08-26 01:04:56.006000','G마켓','987-012-3456',6),(458,22700,'12345678',484,9,'02','기타','2023-08-25 03:04:55.987000','무신사','543-876-2109',6),(459,12500,'12345678',482,9,'01','기타','2023-08-23 20:04:55.967000','쿠팡','210-543-8769',6),(460,11700,'12345678',481,9,'01','기타','2023-08-23 17:04:55.958000','G마켓','987-012-3456',6),(461,14000,'12345678',477,9,'01','음식점','2023-08-22 06:04:55.920000','홍루이젠','789-012-3456',6),(462,24300,'12345678',473,9,'02','편의점','2023-08-19 10:04:55.882000','GS25','123-456-7890',6),(463,7700,'12345678',471,9,'02','음식점','2023-08-19 01:04:55.863000','황솔촌','654-987-0123',6),(464,2600,'12345678',469,9,'02','음식점','2023-08-18 16:04:55.844000','황솔촌','654-987-0123',6),(465,15900,'12345678',467,9,'01','기타','2023-08-18 09:04:55.825000','G마켓','987-012-3456',6),(466,19300,'12345678',466,9,'01','병원','2023-08-18 03:04:55.815000','상계백병원','321-654-9870',6),(467,22800,'12345678',465,9,'02','기타','2023-08-17 21:04:55.806000','무신사','543-876-2109',6),(468,39900,'12345678',464,9,'01','병원','2023-08-17 19:04:55.796000','상계백병원','321-654-9870',6),(469,5700,'12345678',455,9,'01','기타','2023-08-15 05:04:55.709000','무신사','543-876-2109',6),(470,29100,'12345678',452,9,'01','카페','2023-08-14 16:04:55.681000','엔젤리너스','876-210-5430',6),(471,39100,'12345678',447,9,'02','기타','2023-08-12 10:04:55.634000','G마켓','987-012-3456',6),(472,2400,'12345678',442,9,'02','음식점','2023-08-09 20:04:55.586000','황솔촌','654-987-0123',6),(473,47300,'12345678',441,9,'02','병원','2023-08-09 16:04:55.576000','상계백병원','321-654-9870',6),(474,20100,'12345678',437,9,'01','편의점','2023-08-08 16:04:55.538000','GS25','123-456-7890',6),(475,7600,'12345678',436,9,'01','편의점','2023-08-08 11:04:55.529000','GS25','123-456-7890',6),(476,5900,'12345678',435,9,'02','기타','2023-08-08 05:04:55.520000','무신사','543-876-2109',6),(477,30000,'12345678',618,10,'01','음식점','2023-10-04 12:04:57.258000','홍루이젠','789-012-3456',6),(478,16000,'12345678',615,10,'02','카페','2023-10-03 16:04:57.230000','엔젤리너스','876-210-5430',6),(479,17300,'12345678',614,10,'02','병원','2023-10-03 13:04:57.220000','상계백병원','321-654-9870',6),(480,21400,'12345678',610,10,'02','기타','2023-10-02 13:04:57.182000','쿠팡','210-543-8769',6),(481,4000,'12345678',608,10,'01','음식점','2023-10-01 22:04:57.163000','롯데리아','456-789-0123',6),(482,20100,'12345678',604,10,'02','카페','2023-09-30 22:04:57.125000','투썸플레이스','109-876-5432',6),(483,5300,'12345678',603,10,'01','기타','2023-09-30 19:04:57.115000','무신사','543-876-2109',6),(484,4300,'12345678',599,10,'02','편의점','2023-09-29 06:04:57.078000','GS25','123-456-7890',6),(485,45700,'12345678',598,10,'01','기타','2023-09-29 01:04:57.068000','쿠팡','210-543-8769',6),(486,4700,'12345678',596,10,'02','기타','2023-09-28 09:04:57.050000','쿠팡','210-543-8769',6),(487,45100,'12345678',590,10,'02','기타','2023-09-26 07:04:56.993000','G마켓','987-012-3456',6),(488,33900,'12345678',587,10,'01','음식점','2023-09-25 15:04:56.965000','홍루이젠','789-012-3456',6),(489,35100,'12345678',576,10,'01','음식점','2023-09-23 08:04:56.860000','황솔촌','654-987-0123',6),(490,25900,'12345678',573,10,'02','기타','2023-09-22 17:04:56.831000','무신사','543-876-2109',6),(491,28500,'12345678',571,10,'01','기타','2023-09-22 06:04:56.812000','G마켓','987-012-3456',6),(492,46400,'12345678',567,10,'01','음식점','2023-09-20 16:04:56.774000','홍루이젠','789-012-3456',6),(493,20700,'12345678',565,10,'01','편의점','2023-09-19 02:04:56.755000','GS25','123-456-7890',6),(494,14600,'12345678',564,10,'02','음식점','2023-09-18 23:04:56.745000','롯데리아','456-789-0123',6),(495,48700,'12345678',563,10,'02','기타','2023-09-18 13:04:56.736000','무신사','543-876-2109',6),(496,16700,'12345678',561,10,'01','병원','2023-09-17 19:04:56.717000','상계백병원','321-654-9870',6),(497,37200,'12345678',560,10,'02','음식점','2023-09-17 06:04:56.708000','홍루이젠','789-012-3456',6),(498,2800,'12345678',559,10,'01','음식점','2023-09-17 01:04:56.698000','황솔촌','654-987-0123',6),(499,9400,'12345678',557,10,'02','음식점','2023-09-16 13:04:56.679000','황솔촌','654-987-0123',6),(500,35400,'12345678',553,10,'01','카페','2023-09-15 09:04:56.642000','투썸플레이스','109-876-5432',6),(501,20000,'12345678',547,10,'01','기타','2023-09-11 08:04:56.584000','쿠팡','210-543-8769',6),(502,31100,'12345678',543,10,'01','기타','2023-09-08 19:04:56.546000','G마켓','987-012-3456',6),(503,10900,'12345678',541,10,'01','기타','2023-09-07 17:04:56.528000','무신사','543-876-2109',6),(504,5600,'12345678',538,10,'01','편의점','2023-09-06 18:04:56.499000','GS25','123-456-7890',6),(505,48600,'12345678',535,10,'01','카페','2023-09-06 09:04:56.471000','투썸플레이스','109-876-5432',6),(506,18000,'12345678',525,10,'02','음식점','2023-09-02 22:04:56.376000','롯데리아','456-789-0123',6),(507,49600,'12345678',516,10,'01','음식점','2023-09-01 08:04:56.291000','홍루이젠','789-012-3456',6),(508,36800,'12345678',513,10,'01','음식점','2023-08-31 17:04:56.263000','홍루이젠','789-012-3456',6),(509,43300,'12345678',512,10,'01','음식점','2023-08-31 15:04:56.253000','롯데리아','456-789-0123',6),(510,47800,'12345678',509,10,'01','기타','2023-08-31 00:04:56.224000','G마켓','987-012-3456',6),(511,49700,'12345678',507,10,'02','카페','2023-08-30 21:04:56.206000','엔젤리너스','876-210-5430',6),(512,29200,'12345678',504,10,'02','병원','2023-08-29 20:04:56.177000','상계백병원','321-654-9870',6),(513,39700,'12345678',497,10,'02','음식점','2023-08-28 09:04:56.111000','황솔촌','654-987-0123',6),(514,7200,'12345678',485,10,'02','기타','2023-08-25 11:04:55.997000','무신사','543-876-2109',6),(515,20800,'12345678',483,10,'02','기타','2023-08-24 17:04:55.977000','쿠팡','210-543-8769',6),(516,31800,'12345678',476,10,'01','편의점','2023-08-22 05:04:55.910000','GS25','123-456-7890',6),(517,46600,'12345678',474,10,'02','병원','2023-08-20 06:04:55.891000','상계백병원','321-654-9870',6),(518,3300,'12345678',468,10,'01','기타','2023-08-18 10:04:55.834000','무신사','543-876-2109',6),(519,34800,'12345678',462,10,'01','음식점','2023-08-16 05:04:55.777000','홍루이젠','789-012-3456',6),(520,36900,'12345678',461,10,'02','음식점','2023-08-16 03:04:55.767000','롯데리아','456-789-0123',6),(521,25800,'12345678',459,10,'01','편의점','2023-08-15 13:04:55.748000','GS25','123-456-7890',6),(522,20000,'12345678',457,10,'01','음식점','2023-08-15 09:04:55.729000','홍루이젠','789-012-3456',6),(523,35700,'12345678',451,10,'01','편의점','2023-08-13 13:04:55.672000','GS25','123-456-7890',6),(524,10200,'12345678',450,10,'01','카페','2023-08-13 11:04:55.662000','엔젤리너스','876-210-5430',6),(525,49900,'12345678',449,10,'01','카페','2023-08-13 10:04:55.653000','엔젤리너스','876-210-5430',6),(526,28900,'12345678',445,10,'02','카페','2023-08-11 15:04:55.615000','엔젤리너스','876-210-5430',6),(527,14000,'12345678',440,10,'01','기타','2023-08-09 04:04:55.567000','쿠팡','210-543-8769',6),(528,31900,'12345678',622,11,'01','편의점','2023-10-05 09:04:57.296000','GS25','123-456-7890',6),(529,25100,'12345678',621,11,'02','기타','2023-10-05 01:04:57.287000','G마켓','987-012-3456',6),(530,14300,'12345678',617,11,'02','카페','2023-10-04 00:04:57.249000','투썸플레이스','109-876-5432',6),(531,34300,'12345678',616,11,'02','음식점','2023-10-03 22:04:57.239000','롯데리아','456-789-0123',6),(532,17700,'12345678',612,11,'02','기타','2023-10-03 03:04:57.201000','쿠팡','210-543-8769',6),(533,28500,'12345678',602,11,'01','음식점','2023-09-30 17:04:57.106000','홍루이젠','789-012-3456',6),(534,33400,'12345678',600,11,'02','기타','2023-09-29 19:04:57.087000','무신사','543-876-2109',6),(535,19100,'12345678',595,11,'01','음식점','2023-09-28 00:04:57.040000','홍루이젠','789-012-3456',6),(536,3700,'12345678',594,11,'01','음식점','2023-09-27 15:04:57.031000','롯데리아','456-789-0123',6),(537,10100,'12345678',589,11,'02','기타','2023-09-26 03:04:56.984000','무신사','543-876-2109',6),(538,43600,'12345678',582,11,'02','음식점','2023-09-24 08:04:56.917000','롯데리아','456-789-0123',6),(539,26200,'12345678',581,11,'02','기타','2023-09-24 02:04:56.908000','쿠팡','210-543-8769',6),(540,20900,'12345678',579,11,'01','병원','2023-09-23 21:04:56.889000','상계백병원','321-654-9870',6),(541,32600,'12345678',575,11,'01','카페','2023-09-23 07:04:56.850000','투썸플레이스','109-876-5432',6),(542,22200,'12345678',569,11,'01','음식점','2023-09-21 15:04:56.793000','황솔촌','654-987-0123',6),(543,26000,'12345678',555,11,'02','음식점','2023-09-16 04:04:56.660000','황솔촌','654-987-0123',6),(544,22500,'12345678',552,11,'02','기타','2023-09-14 20:04:56.632000','G마켓','987-012-3456',6),(545,42600,'12345678',549,11,'01','기타','2023-09-13 10:04:56.603000','G마켓','987-012-3456',6),(546,49600,'12345678',539,11,'02','음식점','2023-09-07 02:04:56.509000','홍루이젠','789-012-3456',6),(547,45100,'12345678',537,11,'01','카페','2023-09-06 17:04:56.490000','투썸플레이스','109-876-5432',6),(548,19900,'12345678',533,11,'02','카페','2023-09-05 18:04:56.452000','투썸플레이스','109-876-5432',6),(549,50000,'12345678',531,11,'02','음식점','2023-09-05 00:04:56.433000','황솔촌','654-987-0123',6),(550,41700,'12345678',530,11,'01','카페','2023-09-04 16:04:56.424000','투썸플레이스','109-876-5432',6),(551,26800,'12345678',529,11,'02','카페','2023-09-04 02:04:56.413000','투썸플레이스','109-876-5432',6),(552,17100,'12345678',523,11,'01','음식점','2023-09-02 18:04:56.357000','롯데리아','456-789-0123',6),(553,44200,'12345678',518,11,'01','편의점','2023-09-01 23:04:56.310000','GS25','123-456-7890',6),(554,49700,'12345678',514,11,'02','편의점','2023-08-31 22:04:56.272000','GS25','123-456-7890',6),(555,27800,'12345678',501,11,'02','카페','2023-08-29 00:04:56.149000','투썸플레이스','109-876-5432',6),(556,40400,'12345678',498,11,'01','기타','2023-08-28 10:04:56.120000','G마켓','987-012-3456',6),(557,8800,'12345678',496,11,'01','편의점','2023-08-28 02:04:56.101000','GS25','123-456-7890',6),(558,28800,'12345678',492,11,'01','음식점','2023-08-27 04:04:56.063000','홍루이젠','789-012-3456',6),(559,17100,'12345678',480,11,'02','음식점','2023-08-23 16:04:55.948000','황솔촌','654-987-0123',6),(560,18100,'12345678',478,11,'02','기타','2023-08-22 13:04:55.929000','G마켓','987-012-3456',6),(561,39300,'12345678',475,11,'02','기타','2023-08-21 12:04:55.900000','쿠팡','210-543-8769',6),(562,33100,'12345678',472,11,'01','기타','2023-08-19 08:04:55.872000','무신사','543-876-2109',6),(563,9600,'12345678',470,11,'01','카페','2023-08-18 23:04:55.853000','엔젤리너스','876-210-5430',6),(564,15600,'12345678',463,11,'01','병원','2023-08-16 07:04:55.787000','상계백병원','321-654-9870',6),(565,4600,'12345678',460,11,'01','음식점','2023-08-15 22:04:55.758000','롯데리아','456-789-0123',6),(566,15600,'12345678',458,11,'01','음식점','2023-08-15 12:04:55.738000','홍루이젠','789-012-3456',6),(567,46600,'12345678',454,11,'01','음식점','2023-08-15 04:04:55.700000','황솔촌','654-987-0123',6),(568,27900,'12345678',444,11,'01','편의점','2023-08-10 23:04:55.605000','GS25','123-456-7890',6),(569,24100,'12345678',434,11,'02','음식점','2023-08-08 03:04:55.510000','황솔촌','654-987-0123',6),(570,6900,'12345678',433,11,'01','편의점','2023-08-07 19:04:55.500000','GS25','123-456-7890',6),(571,4700,'12345678',620,12,'02','음식점','2023-10-04 19:04:57.277000','황솔촌','654-987-0123',6),(572,42500,'12345678',619,12,'01','편의점','2023-10-04 14:04:57.268000','GS25','123-456-7890',6),(573,17700,'12345678',613,12,'01','기타','2023-10-03 10:04:57.211000','무신사','543-876-2109',6),(574,4900,'12345678',611,12,'02','음식점','2023-10-02 16:04:57.191000','롯데리아','456-789-0123',6),(575,9300,'12345678',593,12,'02','편의점','2023-09-27 14:04:57.022000','GS25','123-456-7890',6),(576,41900,'12345678',592,12,'02','카페','2023-09-27 05:04:57.012000','엔젤리너스','876-210-5430',6),(577,9200,'12345678',585,12,'02','음식점','2023-09-25 08:04:56.946000','홍루이젠','789-012-3456',6),(578,40400,'12345678',584,12,'02','병원','2023-09-24 20:04:56.937000','상계백병원','321-654-9870',6),(579,9600,'12345678',583,12,'01','병원','2023-09-24 15:04:56.927000','상계백병원','321-654-9870',6),(580,45300,'12345678',570,12,'02','기타','2023-09-21 23:04:56.802000','무신사','543-876-2109',6),(581,18100,'12345678',568,12,'01','카페','2023-09-20 23:04:56.783000','엔젤리너스','876-210-5430',6),(582,17600,'12345678',562,12,'01','편의점','2023-09-17 20:04:56.727000','GS25','123-456-7890',6),(583,5100,'12345678',558,12,'02','기타','2023-09-17 00:04:56.689000','무신사','543-876-2109',6),(584,7300,'12345678',556,12,'01','편의점','2023-09-16 09:04:56.670000','GS25','123-456-7890',6),(585,45600,'12345678',551,12,'02','카페','2023-09-14 19:04:56.622000','엔젤리너스','876-210-5430',6),(586,33600,'12345678',546,12,'01','음식점','2023-09-10 11:04:56.575000','홍루이젠','789-012-3456',6),(587,11100,'12345678',545,12,'02','편의점','2023-09-10 06:04:56.565000','GS25','123-456-7890',6),(588,26400,'12345678',540,12,'01','기타','2023-09-07 03:04:56.518000','G마켓','987-012-3456',6),(589,45000,'12345678',534,12,'02','편의점','2023-09-05 23:04:56.461000','GS25','123-456-7890',6),(590,37300,'12345678',528,12,'02','병원','2023-09-03 19:04:56.403000','상계백병원','321-654-9870',6),(591,34300,'12345678',526,12,'02','기타','2023-09-03 08:04:56.385000','무신사','543-876-2109',6),(592,2000,'12345678',521,12,'02','편의점','2023-09-02 13:04:56.338000','GS25','123-456-7890',6),(593,10400,'12345678',519,12,'01','기타','2023-09-02 03:04:56.319000','G마켓','987-012-3456',6),(594,35500,'12345678',517,12,'01','음식점','2023-09-01 22:04:56.300000','롯데리아','456-789-0123',6),(595,2700,'12345678',508,12,'01','음식점','2023-08-30 23:04:56.215000','홍루이젠','789-012-3456',6),(596,4700,'12345678',505,12,'02','카페','2023-08-30 15:04:56.187000','투썸플레이스','109-876-5432',6),(597,10100,'12345678',502,12,'02','카페','2023-08-29 10:04:56.159000','엔젤리너스','876-210-5430',6),(598,6800,'12345678',500,12,'01','음식점','2023-08-28 23:04:56.140000','황솔촌','654-987-0123',6),(599,12500,'12345678',499,12,'02','기타','2023-08-28 14:04:56.130000','무신사','543-876-2109',6),(600,38800,'12345678',495,12,'02','카페','2023-08-27 20:04:56.092000','투썸플레이스','109-876-5432',6),(601,34200,'12345678',494,12,'01','기타','2023-08-27 15:04:56.082000','G마켓','987-012-3456',6),(602,21100,'12345678',491,12,'02','기타','2023-08-27 01:04:56.054000','쿠팡','210-543-8769',6),(603,45100,'12345678',489,12,'02','기타','2023-08-26 16:04:56.035000','무신사','543-876-2109',6),(604,15800,'12345678',479,12,'01','병원','2023-08-22 22:04:55.939000','상계백병원','321-654-9870',6),(605,32200,'12345678',456,12,'01','기타','2023-08-15 06:04:55.719000','무신사','543-876-2109',6),(606,31900,'12345678',453,12,'01','음식점','2023-08-14 17:04:55.690000','황솔촌','654-987-0123',6),(607,37500,'12345678',448,12,'02','병원','2023-08-12 23:04:55.643000','상계백병원','321-654-9870',6),(608,16900,'12345678',446,12,'01','기타','2023-08-12 09:04:55.625000','무신사','543-876-2109',6),(609,49900,'12345678',443,12,'01','음식점','2023-08-10 19:04:55.596000','롯데리아','456-789-0123',6),(610,6400,'12345678',439,12,'01','기타','2023-08-09 00:04:55.557000','G마켓','987-012-3456',6),(611,17400,'12345678',835,13,'02','기타','2023-10-04 06:12:11.707000','무신사','543-876-2109',2),(612,37200,'12345678',831,13,'02','카페','2023-10-03 00:12:11.668000','엔젤리너스','876-210-5430',2),(613,24900,'12345678',821,13,'02','카페','2023-09-30 19:12:11.570000','투썸플레이스','109-876-5432',2),(614,6800,'12345678',815,13,'01','음식점','2023-09-29 10:12:11.511000','황솔촌','654-987-0123',2),(615,40400,'12345678',812,13,'01','음식점','2023-09-28 19:12:11.482000','롯데리아','456-789-0123',2),(616,39800,'12345678',807,13,'01','편의점','2023-09-27 10:12:11.432000','GS25','123-456-7890',2),(617,43400,'12345678',797,13,'02','기타','2023-09-23 12:12:11.334000','쿠팡','210-543-8769',2),(618,31000,'12345678',794,13,'01','기타','2023-09-23 02:12:11.305000','G마켓','987-012-3456',2),(619,35300,'12345678',790,13,'01','음식점','2023-09-22 17:12:11.266000','롯데리아','456-789-0123',2),(620,45000,'12345678',785,13,'02','음식점','2023-09-21 04:12:11.217000','황솔촌','654-987-0123',2),(621,10800,'12345678',784,13,'02','병원','2023-09-20 23:12:11.208000','상계백병원','321-654-9870',2),(622,6700,'12345678',782,13,'01','기타','2023-09-20 14:12:11.188000','쿠팡','210-543-8769',2),(623,31600,'12345678',776,13,'02','기타','2023-09-17 20:12:11.129000','쿠팡','210-543-8769',2),(624,22000,'12345678',775,13,'01','카페','2023-09-17 08:12:11.119000','투썸플레이스','109-876-5432',2),(625,46900,'12345678',762,13,'02','음식점','2023-09-13 00:12:10.992000','황솔촌','654-987-0123',2),(626,14200,'12345678',758,13,'01','카페','2023-09-11 12:12:10.952000','엔젤리너스','876-210-5430',2),(627,35300,'12345678',756,13,'01','음식점','2023-09-10 20:12:10.932000','롯데리아','456-789-0123',2),(628,30100,'12345678',746,13,'01','음식점','2023-09-07 20:12:10.833000','홍루이젠','789-012-3456',2),(629,15200,'12345678',739,13,'01','음식점','2023-09-06 07:12:10.765000','황솔촌','654-987-0123',2),(630,45900,'12345678',731,13,'01','음식점','2023-09-03 16:12:10.683000','롯데리아','456-789-0123',2),(631,19400,'12345678',730,13,'01','음식점','2023-09-03 04:12:10.674000','황솔촌','654-987-0123',2),(632,45600,'12345678',726,13,'01','음식점','2023-09-02 04:12:10.633000','홍루이젠','789-012-3456',2),(633,15000,'12345678',717,13,'02','기타','2023-08-31 09:12:10.544000','무신사','543-876-2109',2),(634,28100,'12345678',715,13,'01','편의점','2023-08-30 18:12:10.524000','GS25','123-456-7890',2),(635,26000,'12345678',714,13,'01','음식점','2023-08-30 13:12:10.514000','홍루이젠','789-012-3456',2),(636,8100,'12345678',711,13,'02','편의점','2023-08-29 18:12:10.484000','GS25','123-456-7890',2),(637,24500,'12345678',710,13,'02','음식점','2023-08-29 14:12:10.474000','롯데리아','456-789-0123',2),(638,26300,'12345678',701,13,'01','병원','2023-08-25 15:12:10.385000','상계백병원','321-654-9870',2),(639,46700,'12345678',696,13,'01','기타','2023-08-25 01:12:10.336000','쿠팡','210-543-8769',2),(640,31500,'12345678',694,13,'02','음식점','2023-08-24 00:12:10.316000','홍루이젠','789-012-3456',2),(641,44100,'12345678',692,13,'01','음식점','2023-08-23 15:12:10.296000','황솔촌','654-987-0123',2),(642,8600,'12345678',689,13,'01','음식점','2023-08-23 03:12:10.266000','롯데리아','456-789-0123',2),(643,2600,'12345678',688,13,'01','병원','2023-08-22 21:12:10.256000','상계백병원','321-654-9870',2),(644,26500,'12345678',687,13,'01','기타','2023-08-22 18:12:10.246000','무신사','543-876-2109',2),(645,29100,'12345678',686,13,'01','기타','2023-08-22 11:12:10.236000','쿠팡','210-543-8769',2),(646,4700,'12345678',684,13,'01','음식점','2023-08-22 07:12:10.216000','황솔촌','654-987-0123',2),(647,27600,'12345678',683,13,'02','병원','2023-08-22 04:12:10.206000','상계백병원','321-654-9870',2),(648,28700,'12345678',679,13,'01','기타','2023-08-21 09:12:10.167000','쿠팡','210-543-8769',2),(649,26700,'12345678',678,13,'01','카페','2023-08-21 01:12:10.156000','투썸플레이스','109-876-5432',2),(650,22700,'12345678',676,13,'02','기타','2023-08-20 17:12:10.137000','G마켓','987-012-3456',2),(651,11600,'12345678',674,13,'02','기타','2023-08-19 22:12:10.117000','무신사','543-876-2109',2),(652,32100,'12345678',671,13,'02','음식점','2023-08-19 14:12:10.087000','황솔촌','654-987-0123',2),(653,35900,'12345678',669,13,'01','편의점','2023-08-19 08:12:10.067000','GS25','123-456-7890',2),(654,4100,'12345678',668,13,'01','음식점','2023-08-17 23:12:10.057000','롯데리아','456-789-0123',2),(655,27200,'12345678',665,13,'02','편의점','2023-08-17 02:12:10.028000','GS25','123-456-7890',2),(656,17000,'12345678',664,13,'01','카페','2023-08-16 20:12:10.018000','투썸플레이스','109-876-5432',2),(657,32800,'12345678',663,13,'01','카페','2023-08-16 08:12:10.008000','엔젤리너스','876-210-5430',2),(658,22100,'12345678',660,13,'02','기타','2023-08-15 04:12:09.978000','G마켓','987-012-3456',2),(659,9700,'12345678',657,13,'01','음식점','2023-08-14 21:12:09.948000','황솔촌','654-987-0123',2),(660,16800,'12345678',653,13,'01','편의점','2023-08-14 02:12:09.908000','GS25','123-456-7890',2),(661,49300,'12345678',647,13,'02','카페','2023-08-11 18:12:09.850000','투썸플레이스','109-876-5432',2),(662,18700,'12345678',639,13,'01','편의점','2023-08-10 03:12:09.770000','GS25','123-456-7890',2),(663,42900,'12345678',630,13,'01','기타','2023-08-08 03:12:09.677000','G마켓','987-012-3456',2),(664,8500,'12345678',629,13,'02','기타','2023-08-08 02:12:09.667000','쿠팡','210-543-8769',2),(665,26500,'12345678',627,13,'02','카페','2023-08-07 18:12:09.648000','투썸플레이스','109-876-5432',2),(666,31700,'12345678',626,13,'02','병원','2023-08-07 14:12:09.638000','상계백병원','321-654-9870',2),(667,22500,'12345678',834,14,'01','편의점','2023-10-03 19:12:11.697000','GS25','123-456-7890',2),(668,44800,'12345678',833,14,'02','카페','2023-10-03 12:12:11.688000','투썸플레이스','109-876-5432',2),(669,3300,'12345678',828,14,'02','음식점','2023-10-02 11:12:11.639000','롯데리아','456-789-0123',2),(670,33900,'12345678',824,14,'01','카페','2023-10-01 19:12:11.599000','엔젤리너스','876-210-5430',2),(671,33900,'12345678',819,14,'01','기타','2023-09-30 06:12:11.550000','쿠팡','210-543-8769',2),(672,28400,'12345678',810,14,'02','음식점','2023-09-28 02:12:11.462000','황솔촌','654-987-0123',2),(673,40800,'12345678',809,14,'02','기타','2023-09-27 18:12:11.452000','쿠팡','210-543-8769',2),(674,35700,'12345678',806,14,'02','병원','2023-09-27 06:12:11.423000','상계백병원','321-654-9870',2),(675,2700,'12345678',805,14,'01','기타','2023-09-26 19:12:11.413000','G마켓','987-012-3456',2),(676,11900,'12345678',800,14,'01','카페','2023-09-25 02:12:11.363000','엔젤리너스','876-210-5430',2),(677,12200,'12345678',795,14,'02','병원','2023-09-23 05:12:11.315000','상계백병원','321-654-9870',2),(678,1300,'12345678',789,14,'01','음식점','2023-09-22 08:12:11.256000','홍루이젠','789-012-3456',2),(679,27200,'12345678',788,14,'02','기타','2023-09-21 15:12:11.247000','쿠팡','210-543-8769',2),(680,4000,'12345678',783,14,'01','음식점','2023-09-20 15:12:11.198000','황솔촌','654-987-0123',2),(681,4900,'12345678',777,14,'01','음식점','2023-09-18 04:12:11.139000','롯데리아','456-789-0123',2),(682,48200,'12345678',774,14,'01','음식점','2023-09-17 06:12:11.110000','홍루이젠','789-012-3456',2),(683,34300,'12345678',773,14,'02','음식점','2023-09-17 01:12:11.100000','롯데리아','456-789-0123',2),(684,32500,'12345678',768,14,'02','음식점','2023-09-15 12:12:11.051000','롯데리아','456-789-0123',2),(685,16400,'12345678',767,14,'01','기타','2023-09-15 02:12:11.041000','무신사','543-876-2109',2),(686,43700,'12345678',765,14,'02','카페','2023-09-14 00:12:11.021000','엔젤리너스','876-210-5430',2),(687,26500,'12345678',764,14,'01','카페','2023-09-13 23:12:11.011000','엔젤리너스','876-210-5430',2),(688,47500,'12345678',759,14,'01','기타','2023-09-11 13:12:10.962000','G마켓','987-012-3456',2),(689,14500,'12345678',754,14,'01','음식점','2023-09-10 06:12:10.912000','황솔촌','654-987-0123',2),(690,37800,'12345678',749,14,'02','음식점','2023-09-08 20:12:10.863000','홍루이젠','789-012-3456',2),(691,32100,'12345678',741,14,'02','음식점','2023-09-06 18:12:10.784000','황솔촌','654-987-0123',2),(692,20900,'12345678',740,14,'02','편의점','2023-09-06 16:12:10.774000','GS25','123-456-7890',2),(693,32400,'12345678',736,14,'02','음식점','2023-09-06 03:12:10.735000','황솔촌','654-987-0123',2),(694,38800,'12345678',735,14,'01','카페','2023-09-05 23:12:10.723000','엔젤리너스','876-210-5430',2),(695,42300,'12345678',734,14,'02','편의점','2023-09-05 20:12:10.713000','GS25','123-456-7890',2),(696,2200,'12345678',733,14,'01','기타','2023-09-05 10:12:10.703000','G마켓','987-012-3456',2),(697,23800,'12345678',732,14,'01','편의점','2023-09-05 07:12:10.693000','GS25','123-456-7890',2),(698,28200,'12345678',728,14,'01','기타','2023-09-02 15:12:10.654000','G마켓','987-012-3456',2),(699,6900,'12345678',727,14,'02','기타','2023-09-02 10:12:10.643000','G마켓','987-012-3456',2),(700,37900,'12345678',724,14,'02','카페','2023-09-01 18:12:10.613000','투썸플레이스','109-876-5432',2),(701,27400,'12345678',720,14,'01','편의점','2023-08-31 16:12:10.573000','GS25','123-456-7890',2),(702,43200,'12345678',719,14,'01','병원','2023-08-31 14:12:10.564000','상계백병원','321-654-9870',2),(703,11800,'12345678',718,14,'01','편의점','2023-08-31 11:12:10.554000','GS25','123-456-7890',2),(704,27100,'12345678',713,14,'01','음식점','2023-08-30 11:12:10.504000','롯데리아','456-789-0123',2),(705,16600,'12345678',703,14,'01','음식점','2023-08-26 10:12:10.405000','홍루이젠','789-012-3456',2),(706,1500,'12345678',697,14,'01','기타','2023-08-25 02:12:10.346000','무신사','543-876-2109',2),(707,20800,'12345678',695,14,'01','기타','2023-08-24 23:12:10.326000','G마켓','987-012-3456',2),(708,40200,'12345678',667,14,'01','음식점','2023-08-17 18:12:10.048000','홍루이젠','789-012-3456',2),(709,16200,'12345678',658,14,'01','기타','2023-08-14 22:12:09.958000','무신사','543-876-2109',2),(710,34900,'12345678',654,14,'01','카페','2023-08-14 09:12:09.918000','엔젤리너스','876-210-5430',2),(711,2700,'12345678',651,14,'02','기타','2023-08-13 14:12:09.889000','쿠팡','210-543-8769',2),(712,33900,'12345678',650,14,'01','편의점','2023-08-13 11:12:09.879000','GS25','123-456-7890',2),(713,6300,'12345678',649,14,'02','병원','2023-08-12 22:12:09.869000','상계백병원','321-654-9870',2),(714,33300,'12345678',644,14,'02','편의점','2023-08-11 04:12:09.820000','GS25','123-456-7890',2),(715,30700,'12345678',642,14,'02','편의점','2023-08-10 22:12:09.800000','GS25','123-456-7890',2),(716,44700,'12345678',637,14,'02','기타','2023-08-09 23:12:09.750000','쿠팡','210-543-8769',2),(717,27500,'12345678',634,14,'01','카페','2023-08-08 18:12:09.721000','투썸플레이스','109-876-5432',2),(718,47900,'12345678',632,14,'02','음식점','2023-08-08 10:12:09.701000','황솔촌','654-987-0123',2),(719,17500,'12345678',838,15,'01','음식점','2023-10-04 15:12:11.736000','홍루이젠','789-012-3456',2),(720,1700,'12345678',837,15,'02','음식점','2023-10-04 13:12:11.727000','황솔촌','654-987-0123',2),(721,42300,'12345678',836,15,'02','음식점','2023-10-04 12:12:11.717000','황솔촌','654-987-0123',2),(722,4400,'12345678',832,15,'01','병원','2023-10-03 03:12:11.678000','상계백병원','321-654-9870',2),(723,8900,'12345678',830,15,'02','카페','2023-10-02 17:12:11.658000','엔젤리너스','876-210-5430',2),(724,21900,'12345678',827,15,'01','기타','2023-10-02 04:12:11.629000','G마켓','987-012-3456',2),(725,18700,'12345678',825,15,'02','음식점','2023-10-01 20:12:11.609000','홍루이젠','789-012-3456',2),(726,1700,'12345678',823,15,'01','음식점','2023-10-01 07:12:11.590000','홍루이젠','789-012-3456',2),(727,4400,'12345678',820,15,'02','카페','2023-09-30 14:12:11.560000','투썸플레이스','109-876-5432',2),(728,6400,'12345678',816,15,'02','음식점','2023-09-29 16:12:11.521000','롯데리아','456-789-0123',2),(729,23200,'12345678',814,15,'02','기타','2023-09-29 06:12:11.501000','G마켓','987-012-3456',2),(730,49600,'12345678',813,15,'02','기타','2023-09-28 20:12:11.492000','G마켓','987-012-3456',2),(731,12800,'12345678',804,15,'01','병원','2023-09-26 12:12:11.403000','상계백병원','321-654-9870',2),(732,13400,'12345678',803,15,'02','음식점','2023-09-25 21:12:11.393000','황솔촌','654-987-0123',2),(733,27800,'12345678',799,15,'01','병원','2023-09-24 09:12:11.354000','상계백병원','321-654-9870',2),(734,40800,'12345678',796,15,'01','기타','2023-09-23 10:12:11.325000','쿠팡','210-543-8769',2),(735,37100,'12345678',793,15,'01','음식점','2023-09-22 23:12:11.296000','홍루이젠','789-012-3456',2),(736,5700,'12345678',792,15,'01','기타','2023-09-22 22:12:11.286000','무신사','543-876-2109',2),(737,39300,'12345678',786,15,'02','음식점','2023-09-21 07:12:11.227000','홍루이젠','789-012-3456',2),(738,47200,'12345678',781,15,'01','편의점','2023-09-20 08:12:11.178000','GS25','123-456-7890',2),(739,2000,'12345678',780,15,'01','기타','2023-09-19 07:12:11.168000','G마켓','987-012-3456',2),(740,15700,'12345678',772,15,'02','기타','2023-09-16 18:12:11.090000','G마켓','987-012-3456',2),(741,25200,'12345678',770,15,'01','음식점','2023-09-16 08:12:11.070000','홍루이젠','789-012-3456',2),(742,40700,'12345678',769,15,'02','기타','2023-09-15 22:12:11.060000','G마켓','987-012-3456',2),(743,46000,'12345678',761,15,'01','편의점','2023-09-12 23:12:10.982000','GS25','123-456-7890',2),(744,30300,'12345678',760,15,'01','기타','2023-09-12 11:12:10.972000','쿠팡','210-543-8769',2),(745,41400,'12345678',757,15,'02','카페','2023-09-11 03:12:10.942000','엔젤리너스','876-210-5430',2),(746,8800,'12345678',752,15,'02','편의점','2023-09-09 20:12:10.893000','GS25','123-456-7890',2),(747,1200,'12345678',751,15,'01','기타','2023-09-09 02:12:10.883000','쿠팡','210-543-8769',2),(748,29000,'12345678',750,15,'01','음식점','2023-09-08 21:12:10.873000','홍루이젠','789-012-3456',2),(749,23400,'12345678',748,15,'02','카페','2023-09-08 06:12:10.853000','엔젤리너스','876-210-5430',2),(750,48700,'12345678',747,15,'01','카페','2023-09-08 04:12:10.843000','엔젤리너스','876-210-5430',2),(751,23600,'12345678',742,15,'01','기타','2023-09-07 08:12:10.794000','G마켓','987-012-3456',2),(752,22000,'12345678',738,15,'02','병원','2023-09-06 05:12:10.755000','상계백병원','321-654-9870',2),(753,3800,'12345678',722,15,'01','카페','2023-09-01 13:12:10.593000','엔젤리너스','876-210-5430',2),(754,20600,'12345678',721,15,'02','기타','2023-09-01 00:12:10.583000','쿠팡','210-543-8769',2),(755,20800,'12345678',707,15,'01','기타','2023-08-27 23:12:10.444000','무신사','543-876-2109',2),(756,30700,'12345678',691,15,'02','기타','2023-08-23 07:12:10.285000','쿠팡','210-543-8769',2),(757,22000,'12345678',690,15,'02','기타','2023-08-23 04:12:10.275000','무신사','543-876-2109',2),(758,1900,'12345678',681,15,'02','카페','2023-08-21 16:12:10.186000','엔젤리너스','876-210-5430',2),(759,21400,'12345678',675,15,'02','음식점','2023-08-20 13:12:10.127000','황솔촌','654-987-0123',2),(760,47100,'12345678',673,15,'02','음식점','2023-08-19 16:12:10.107000','황솔촌','654-987-0123',2),(761,15300,'12345678',666,15,'01','카페','2023-08-17 05:12:10.038000','엔젤리너스','876-210-5430',2),(762,26400,'12345678',652,15,'02','음식점','2023-08-13 15:12:09.899000','롯데리아','456-789-0123',2),(763,44200,'12345678',645,15,'02','음식점','2023-08-11 08:12:09.830000','홍루이젠','789-012-3456',2),(764,39500,'12345678',640,15,'01','음식점','2023-08-10 07:12:09.780000','홍루이젠','789-012-3456',2),(765,31800,'12345678',638,15,'02','기타','2023-08-10 01:12:09.760000','쿠팡','210-543-8769',2),(766,17700,'12345678',636,15,'01','음식점','2023-08-09 15:12:09.741000','롯데리아','456-789-0123',2),(767,23900,'12345678',633,15,'01','카페','2023-08-08 15:12:09.711000','엔젤리너스','876-210-5430',2),(768,44800,'12345678',829,16,'02','병원','2023-10-02 15:12:11.649000','상계백병원','321-654-9870',2),(769,35600,'12345678',826,16,'02','카페','2023-10-01 23:12:11.619000','투썸플레이스','109-876-5432',2),(770,2500,'12345678',822,16,'01','카페','2023-10-01 00:12:11.580000','엔젤리너스','876-210-5430',2),(771,22100,'12345678',818,16,'01','음식점','2023-09-30 01:12:11.541000','황솔촌','654-987-0123',2),(772,1700,'12345678',817,16,'01','음식점','2023-09-29 23:12:11.531000','홍루이젠','789-012-3456',2),(773,41500,'12345678',811,16,'01','기타','2023-09-28 10:12:11.472000','쿠팡','210-543-8769',2),(774,46500,'12345678',808,16,'02','기타','2023-09-27 16:12:11.442000','무신사','543-876-2109',2),(775,5100,'12345678',802,16,'02','기타','2023-09-25 19:12:11.383000','쿠팡','210-543-8769',2),(776,2700,'12345678',801,16,'01','카페','2023-09-25 05:12:11.373000','투썸플레이스','109-876-5432',2),(777,32800,'12345678',798,16,'01','기타','2023-09-23 20:12:11.344000','G마켓','987-012-3456',2),(778,6100,'12345678',791,16,'02','카페','2023-09-22 20:12:11.276000','엔젤리너스','876-210-5430',2),(779,7500,'12345678',787,16,'02','음식점','2023-09-21 12:12:11.237000','롯데리아','456-789-0123',2),(780,37900,'12345678',779,16,'02','기타','2023-09-18 11:12:11.159000','쿠팡','210-543-8769',2),(781,10900,'12345678',778,16,'01','카페','2023-09-18 08:12:11.149000','투썸플레이스','109-876-5432',2),(782,17700,'12345678',771,16,'01','기타','2023-09-16 12:12:11.080000','쿠팡','210-543-8769',2),(783,30500,'12345678',766,16,'01','음식점','2023-09-14 03:12:11.031000','황솔촌','654-987-0123',2),(784,32200,'12345678',763,16,'01','병원','2023-09-13 01:12:11.001000','상계백병원','321-654-9870',2),(785,2700,'12345678',755,16,'02','음식점','2023-09-10 10:12:10.922000','롯데리아','456-789-0123',2),(786,15200,'12345678',753,16,'01','기타','2023-09-10 03:12:10.903000','무신사','543-876-2109',2),(787,6100,'12345678',745,16,'02','기타','2023-09-07 18:12:10.824000','무신사','543-876-2109',2),(788,14900,'12345678',744,16,'01','기타','2023-09-07 17:12:10.814000','무신사','543-876-2109',2),(789,29400,'12345678',743,16,'01','음식점','2023-09-07 11:12:10.804000','홍루이젠','789-012-3456',2),(790,21000,'12345678',737,16,'02','음식점','2023-09-06 04:12:10.745000','황솔촌','654-987-0123',2),(791,24100,'12345678',729,16,'01','편의점','2023-09-02 20:12:10.664000','GS25','123-456-7890',2),(792,42500,'12345678',725,16,'02','음식점','2023-09-02 03:12:10.623000','롯데리아','456-789-0123',2),(793,48800,'12345678',723,16,'01','음식점','2023-09-01 15:12:10.603000','황솔촌','654-987-0123',2),(794,20500,'12345678',716,16,'01','기타','2023-08-31 06:12:10.534000','G마켓','987-012-3456',2),(795,3200,'12345678',712,16,'02','카페','2023-08-30 07:12:10.494000','엔젤리너스','876-210-5430',2),(796,28400,'12345678',709,16,'02','카페','2023-08-29 08:12:10.464000','투썸플레이스','109-876-5432',2),(797,13400,'12345678',708,16,'01','음식점','2023-08-28 04:12:10.454000','롯데리아','456-789-0123',2),(798,2700,'12345678',706,16,'01','카페','2023-08-27 15:12:10.434000','엔젤리너스','876-210-5430',2),(799,33300,'12345678',705,16,'01','음식점','2023-08-27 12:12:10.425000','황솔촌','654-987-0123',2),(800,28700,'12345678',704,16,'02','기타','2023-08-27 07:12:10.415000','쿠팡','210-543-8769',2),(801,14100,'12345678',702,16,'02','기타','2023-08-26 00:12:10.395000','쿠팡','210-543-8769',2),(802,19000,'12345678',700,16,'01','음식점','2023-08-25 06:12:10.375000','홍루이젠','789-012-3456',2),(803,2100,'12345678',699,16,'02','편의점','2023-08-25 05:12:10.365000','GS25','123-456-7890',2),(804,4100,'12345678',698,16,'01','카페','2023-08-25 04:12:10.355000','투썸플레이스','109-876-5432',2),(805,38200,'12345678',693,16,'01','음식점','2023-08-23 23:12:10.306000','롯데리아','456-789-0123',2),(806,16200,'12345678',685,16,'01','카페','2023-08-22 08:12:10.226000','투썸플레이스','109-876-5432',2),(807,18000,'12345678',682,16,'02','기타','2023-08-21 23:12:10.196000','무신사','543-876-2109',2),(808,30200,'12345678',680,16,'01','기타','2023-08-21 15:12:10.176000','쿠팡','210-543-8769',2),(809,26000,'12345678',677,16,'01','병원','2023-08-21 00:12:10.147000','상계백병원','321-654-9870',2),(810,40900,'12345678',672,16,'02','기타','2023-08-19 15:12:10.097000','무신사','543-876-2109',2),(811,49500,'12345678',670,16,'01','카페','2023-08-19 09:12:10.077000','투썸플레이스','109-876-5432',2),(812,18400,'12345678',662,16,'01','기타','2023-08-16 06:12:09.998000','쿠팡','210-543-8769',2),(813,11600,'12345678',661,16,'01','카페','2023-08-15 14:12:09.988000','투썸플레이스','109-876-5432',2),(814,12900,'12345678',659,16,'01','기타','2023-08-15 01:12:09.968000','무신사','543-876-2109',2),(815,40200,'12345678',656,16,'01','카페','2023-08-14 18:12:09.938000','엔젤리너스','876-210-5430',2),(816,42300,'12345678',655,16,'02','음식점','2023-08-14 16:12:09.928000','황솔촌','654-987-0123',2),(817,6500,'12345678',648,16,'01','카페','2023-08-12 07:12:09.860000','투썸플레이스','109-876-5432',2),(818,20900,'12345678',646,16,'02','카페','2023-08-11 17:12:09.840000','투썸플레이스','109-876-5432',2),(819,18900,'12345678',643,16,'02','기타','2023-08-11 00:12:09.810000','무신사','543-876-2109',2),(820,28300,'12345678',641,16,'01','음식점','2023-08-10 10:12:09.790000','롯데리아','456-789-0123',2),(821,15100,'12345678',635,16,'02','기타','2023-08-09 03:12:09.731000','G마켓','987-012-3456',2),(822,6400,'12345678',631,16,'01','기타','2023-08-08 09:12:09.687000','쿠팡','210-543-8769',2);
/*!40000 ALTER TABLE `transaction` ENABLE KEYS */;
UNLOCK TABLES;
/*!40103 SET TIME_ZONE=@OLD_TIME_ZONE */;

/*!40101 SET SQL_MODE=@OLD_SQL_MODE */;
/*!40014 SET FOREIGN_KEY_CHECKS=@OLD_FOREIGN_KEY_CHECKS */;
/*!40014 SET UNIQUE_CHECKS=@OLD_UNIQUE_CHECKS */;
/*!40101 SET CHARACTER_SET_CLIENT=@OLD_CHARACTER_SET_CLIENT */;
/*!40101 SET CHARACTER_SET_RESULTS=@OLD_CHARACTER_SET_RESULTS */;
/*!40101 SET COLLATION_CONNECTION=@OLD_COLLATION_CONNECTION */;
/*!40111 SET SQL_NOTES=@OLD_SQL_NOTES */;

-- Dump completed on 2023-10-05 16:13:58
